ID,Label,Condition,Sequencing_center,Flowcell,Lane
AF101_L2_mRNA,AF101,Listeria,CHUSJ,run156,1
AF101_NI2_mRNA,AF101,Non-infected,CHUSJ,run156,1
AF101_S2_mRNA,AF101,Salmonella,CHUSJ,run156,1
AF105_L2_mRNA,AF105,Listeria,CHUSJ,run152,5
AF105_NI2_mRNA,AF105,Non-infected,CHUSJ,run152,5
AF105_S2_mRNA,AF105,Salmonella,CHUSJ,run152,5
AF107_L2_mRNA,AF107,Listeria,CHUSJ,run152,6
AF107_NI2_mRNA,AF107,Non-infected,CHUSJ,run152,6
AF107_S2_mRNA,AF107,Salmonella,CHUSJ,run152,6
AF109_L2_mRNA,AF109,Listeria,CHUSJ,run152,7
AF109_NI2_mRNA,AF109,Non-infected,CHUSJ,run152,7
AF109_S2_mRNA,AF109,Salmonella,CHUSJ,run152,7
AF11_L2_mRNA,AF11,Listeria,IC,run786,8
AF11_NI2_mRNA,AF11,Non-infected,IC,run786,8
AF11_S2_mRNA,AF11,Salmonella,IC,run786,8
AF111_L2_mRNA,AF111,Listeria,CHUSJ,run193,1
AF111_NI2_mRNA,AF111,Non-infected,CHUSJ,run193,1
AF111_S2_mRNA,AF111,Salmonella,CHUSJ,run193,1
AF113_L2_mRNA,AF113,Listeria,CHUSJ,run156,5
AF113_NI2_mRNA,AF113,Non-infected,CHUSJ,run156,5
AF113_S2_mRNA,AF113,Salmonella,CHUSJ,run156,5
AF115_L2_mRNA,AF115,Listeria,CHUSJ,run156,6
AF115_NI2_mRNA,AF115,Non-infected,CHUSJ,run156,6
AF115_S2_mRNA,AF115,Salmonella,CHUSJ,run156,6
AF117_NI2_mRNA,AF117,Non-infected,CHUSJ,run156,2
AF117_S2_mRNA,AF117,Salmonella,CHUSJ,run156,2
AF119_L2_mRNA,AF119,Listeria,CHUSJ,run156,4
AF119_NI2_mRNA,AF119,Non-infected,CHUSJ,run156,4
AF119_S2_mRNA,AF119,Salmonella,CHUSJ,run156,4
AF125_L2_mRNA,AF125,Listeria,CHUSJ,run190,1
AF125_NI2_mRNA,AF125,Non-infected,CHUSJ,run190,1
AF125_S2_mRNA,AF125,Salmonella,CHUSJ,run190,1
AF127_L2_mRNA,AF127,Listeria,CHUSJ,run190,2
AF127_NI2_mRNA,AF127,Non-infected,CHUSJ,run190,2
AF127_S2_mRNA,AF127,Salmonella,CHUSJ,run190,2
AF129_L2_mRNA,AF129,Listeria,CHUSJ,run190,3
AF129_NI2_mRNA,AF129,Non-infected,CHUSJ,run190,3
AF129_S2_mRNA,AF129,Salmonella,CHUSJ,run190,3
AF131_L2_mRNA,AF131,Listeria,CHUSJ,run190,4
AF131_NI2_mRNA,AF131,Non-infected,CHUSJ,run190,4
AF131_S2_mRNA,AF131,Salmonella,CHUSJ,run190,4
AF133_L2_mRNA,AF133,Listeria,CHUSJ,run190,7
AF133_NI2_mRNA,AF133,Non-infected,CHUSJ,run190,7
AF133_S2_mRNA,AF133,Salmonella,CHUSJ,run190,7
AF137_L2_mRNA,AF137,Listeria,CHUSJ,run192,4
AF137_NI2_mRNA,AF137,Non-infected,CHUSJ,run192,4
AF137_S2_mRNA,AF137,Salmonella,CHUSJ,run192,4
AF139_L2_mRNA,AF139,Listeria,CHUSJ,run192,5
AF139_NI2_mRNA,AF139,Non-infected,CHUSJ,run192,5
AF139_S2_mRNA,AF139,Salmonella,CHUSJ,run192,5
AF141_L2_mRNA,AF141,Listeria,CHUSJ,run192,6
AF141_NI2_mRNA,AF141,Non-infected,CHUSJ,run192,6
AF141_S2_mRNA,AF141,Salmonella,CHUSJ,run192,6
AF143_L2_mRNA,AF143,Listeria,CHUSJ,run192,7
AF143_NI2_mRNA,AF143,Non-infected,CHUSJ,run192,7
AF143_S2_mRNA,AF143,Salmonella,CHUSJ,run192,7
AF145_L2_mRNA,AF145,Listeria,CHUSJ,run193,2
AF145_NI2_mRNA,AF145,Non-infected,CHUSJ,run193,2
AF145_S2_mRNA,AF145,Salmonella,CHUSJ,run193,2
AF147_L2_mRNA,AF147,Listeria,CHUSJ,run193,3
AF147_NI2_mRNA,AF147,Non-infected,CHUSJ,run193,3
AF147_S2_mRNA,AF147,Salmonella,CHUSJ,run193,3
AF149_L2_mRNA,AF149,Listeria,CHUSJ,run193,4
AF149_NI2_mRNA,AF149,Non-infected,CHUSJ,run193,4
AF149_S2_mRNA,AF149,Salmonella,CHUSJ,run193,4
AF151_L2_mRNA,AF151,Listeria,CHUSJ,run193,5
AF151_NI2_mRNA,AF151,Non-infected,CHUSJ,run193,5
AF151_S2_mRNA,AF151,Salmonella,CHUSJ,run193,5
AF153_L2_mRNA,AF153,Listeria,CHUSJ,run190,5
AF153_NI2_mRNA,AF153,Non-infected,CHUSJ,run190,5
AF153_S2_mRNA,AF153,Salmonella,CHUSJ,run190,5
AF155_L2_mRNA,AF155,Listeria,CHUSJ,run190,6
AF155_NI2_mRNA,AF155,Non-infected,CHUSJ,run190,6
AF155_S2_mRNA,AF155,Salmonella,CHUSJ,run190,6
AF157_L2_mRNA,AF157,Listeria,CHUSJ,run192,2
AF157_NI2_mRNA,AF157,Non-infected,CHUSJ,run192,2
AF157_S2_mRNA,AF157,Salmonella,CHUSJ,run192,2
AF159_L2_mRNA,AF159,Listeria,CHUSJ,run193,6
AF159_NI2_mRNA,AF159,Non-infected,CHUSJ,run193,6
AF159_S2_mRNA,AF159,Salmonella,CHUSJ,run193,6
AF161_NI2_mRNA,AF161,Non-infected,CHUSJ,run193,7
AF161_L2_mRNA_rep,AF161,Listeria,CHUSJ,run266,7
AF161_S2_mRNA_rep,AF161,Salmonella,CHUSJ,run266,6
AF163_L2_mRNA,AF163,Listeria,CHUSJ,run192,8
AF163_NI2_mRNA,AF163,Non-infected,CHUSJ,run192,8
AF163_S2_mRNA,AF163,Salmonella,CHUSJ,run192,8
AF165_L2_mRNA,AF165,Listeria,CHUSJ,run193,8
AF165_NI2_mRNA,AF165,Non-infected,CHUSJ,run193,8
AF165_S2_mRNA,AF165,Salmonella,CHUSJ,run193,8
AF167_L2_mRNA,AF167,Listeria,CHUSJ,run185,1
AF167_NI2_mRNA,AF167,Non-infected,CHUSJ,run185,1
AF167_S2_mRNA,AF167,Salmonella,CHUSJ,run185,1
AF169_L2_mRNA,AF169,Listeria,CHUSJ,run185,2
AF169_NI2_mRNA,AF169,Non-infected,CHUSJ,run185,2
AF169_S2_mRNA,AF169,Salmonella,CHUSJ,run185,2
AF17_L2_mRNA,AF17,Listeria,IC,run809,7
AF17_NI2_mRNA,AF17,Non-infected,IC,run809,7
AF17_S2_mRNA,AF17,Salmonella,IC,run809,7
AF171_L2_mRNA,AF171,Listeria,CHUSJ,run185,3
AF171_NI2_mRNA,AF171,Non-infected,CHUSJ,run185,3
AF171_S2_mRNA,AF171,Salmonella,CHUSJ,run185,3
AF173_L2_mRNA,AF173,Listeria,CHUSJ,run185,4
AF173_NI2_mRNA,AF173,Non-infected,CHUSJ,run185,4
AF173_S2_mRNA,AF173,Salmonella,CHUSJ,run185,4
AF175_L2_mRNA,AF175,Listeria,CHUSJ,run191,8
AF175_NI2_mRNA,AF175,Non-infected,CHUSJ,run191,8
AF175_S2_mRNA,AF175,Salmonella,CHUSJ,run191,8
AF177_L2_mRNA,AF177,Listeria,CHUSJ,run191,5
AF177_NI2_mRNA,AF177,Non-infected,CHUSJ,run191,5
AF177_S2_mRNA,AF177,Salmonella,CHUSJ,run191,5
AF179_L2_mRNA,AF179,Listeria,CHUSJ,run191,6
AF179_NI2_mRNA,AF179,Non-infected,CHUSJ,run191,6
AF179_S2_mRNA,AF179,Salmonella,CHUSJ,run191,6
AF181_L2_mRNA,AF181,Listeria,CHUSJ,run191,7
AF181_NI2_mRNA,AF181,Non-infected,CHUSJ,run191,7
AF181_S2_mRNA,AF181,Salmonella,CHUSJ,run191,7
AF183_L2_mRNA,AF183,Listeria,CHUSJ,run191,1
AF183_NI2_mRNA,AF183,Non-infected,CHUSJ,run191,1
AF183_S2_mRNA,AF183,Salmonella,CHUSJ,run191,1
AF185_L2_mRNA,AF185,Listeria,CHUSJ,run191,2
AF185_NI2_mRNA,AF185,Non-infected,CHUSJ,run191,2
AF185_S2_mRNA,AF185,Salmonella,CHUSJ,run191,2
AF187_L2_mRNA,AF187,Listeria,CHUSJ,run191,3
AF187_NI2_mRNA,AF187,Non-infected,CHUSJ,run191,3
AF187_S2_mRNA,AF187,Salmonella,CHUSJ,run191,3
AF189_L2_mRNA,AF189,Listeria,CHUSJ,run191,4
AF189_NI2_mRNA,AF189,Non-infected,CHUSJ,run191,4
AF189_S2_mRNA,AF189,Salmonella,CHUSJ,run191,4
AF19_L2_mRNA,AF19,Listeria,IC,run580,4
AF19_NI2_mRNA,AF19,Non-infected,IC,run580,4
AF19_S2_mRNA,AF19,Salmonella,IC,run580,4
AF191_L2_mRNA,AF191,Listeria,CHUSJ,run192,1
AF191_NI2_mRNA,AF191,Non-infected,CHUSJ,run192,1
AF191_S2_mRNA,AF191,Salmonella,CHUSJ,run192,1
AF193_L2_mRNA,AF193,Listeria,CHUSJ,run185,5
AF193_NI2_mRNA,AF193,Non-infected,CHUSJ,run185,5
AF193_S2_mRNA,AF193,Salmonella,CHUSJ,run185,5
AF195_L2_mRNA,AF195,Listeria,CHUSJ,run192,3
AF195_NI2_mRNA,AF195,Non-infected,CHUSJ,run192,3
AF195_S2_mRNA,AF195,Salmonella,CHUSJ,run192,3
AF21_L2_mRNA,AF21,Listeria,IC,run580,2
AF21_NI2_mRNA,AF21,Non-infected,IC,run580,2
AF21_S2_mRNA,AF21,Salmonella,IC,run580,2
AF23_L2_mRNA,AF23,Listeria,IC,run580,3
AF23_NI2_mRNA,AF23,Non-infected,IC,run580,3
AF23_S2_mRNA,AF23,Salmonella,IC,run580,3
AF25_L2_mRNA,AF25,Listeria,IC,run572,8
AF25_NI2_mRNA,AF25,Non-infected,IC,run572,8
AF25_S2_mRNA,AF25,Salmonella,IC,run572,8
AF27_L2_mRNA,AF27,Listeria,IC,run580,5
AF27_NI2_mRNA,AF27,Non-infected,IC,run580,5
AF27_S2_mRNA,AF27,Salmonella,IC,run580,5
AF29_L2_mRNA,AF29,Listeria,IC,run580,6
AF29_NI2_mRNA,AF29,Non-infected,IC,run580,6
AF29_S2_mRNA,AF29,Salmonella,IC,run580,6
AF31_L2_mRNA,AF31,Listeria,IC,run580,7
AF31_NI2_mRNA,AF31,Non-infected,IC,run580,7
AF31_S2_mRNA,AF31,Salmonella,IC,run580,7
AF35_L2_mRNA,AF35,Listeria,IC,run782,5
AF35_NI2_mRNA,AF35,Non-infected,IC,run782,5
AF35_S2_mRNA,AF35,Salmonella,IC,run782,5
AF37_L2_mRNA,AF37,Listeria,IC,run782,8
AF37_NI2_mRNA,AF37,Non-infected,IC,run782,8
AF37_S2_mRNA,AF37,Salmonella,IC,run782,8
AF39_L2_mRNA,AF39,Listeria,IC,run786,1
AF39_NI2_mRNA,AF39,Non-infected,IC,run786,1
AF39_S2_mRNA,AF39,Salmonella,IC,run786,1
AF41_L2_mRNA,AF41,Listeria,IC,run782,1
AF41_NI2_mRNA,AF41,Non-infected,IC,run782,1
AF41_S2_mRNA,AF41,Salmonella,IC,run782,1
AF43_L2_mRNA,AF43,Listeria,IC,run782,3
AF43_NI2_mRNA,AF43,Non-infected,IC,run782,3
AF43_S2_mRNA,AF43,Salmonella,IC,run782,3
AF47_L2_mRNA,AF47,Listeria,IC,run782,2
AF47_NI2_mRNA,AF47,Non-infected,IC,run782,2
AF47_S2_mRNA,AF47,Salmonella,IC,run782,2
AF53_L2_mRNA,AF53,Listeria,IC,run786,2
AF53_NI2_mRNA,AF53,Non-infected,IC,run786,2
AF53_S2_mRNA,AF53,Salmonella,IC,run786,2
AF55_L2_mRNA,AF55,Listeria,IC,run786,3
AF55_S2_mRNA,AF55,Salmonella,IC,run786,3
AF57_L2_mRNA,AF57,Listeria,IC,run786,6
AF57_NI2_mRNA,AF57,Non-infected,IC,run786,6
AF57_S2_mRNA,AF57,Salmonella,IC,run786,6
AF59_L2_mRNA,AF59,Listeria,IC,run786,4
AF59_NI2_mRNA,AF59,Non-infected,IC,run786,4
AF59_S2_mRNA,AF59,Salmonella,IC,run786,4
AF61_L2_mRNA,AF61,Listeria,IC,run786,7
AF61_NI2_mRNA,AF61,Non-infected,IC,run786,7
AF61_S2_mRNA,AF61,Salmonella,IC,run786,7
AF63_L2_mRNA,AF63,Listeria,IC,run1104,7
AF63_NI2_mRNA,AF63,Non-infected,IC,run1104,7
AF63_S2_mRNA,AF63,Salmonella,IC,run1104,7
AF65_L2_mRNA,AF65,Listeria,IC,run1104,4
AF65_NI2_mRNA,AF65,Non-infected,IC,run1104,4
AF65_S2_mRNA,AF65,Salmonella,IC,run1104,4
AF67_L2_mRNA,AF67,Listeria,IC,run1104,5
AF67_NI2_mRNA,AF67,Non-infected,IC,run1104,5
AF67_S2_mRNA,AF67,Salmonella,IC,run1104,5
AF69_L2_mRNA,AF69,Listeria,IC,run1104,3
AF69_NI2_mRNA,AF69,Non-infected,IC,run1104,3
AF69_S2_mRNA,AF69,Salmonella,IC,run1104,3
AF71_L2_mRNA,AF71,Listeria,IC,run1104,6
AF71_NI2_mRNA,AF71,Non-infected,IC,run1104,6
AF71_S2_mRNA,AF71,Salmonella,IC,run1104,6
AF75_L2_mRNA_rep,AF75,Listeria,CHUSJ,run185,6
AF75_NI2_mRNA_rep,AF75,Non-infected,CHUSJ,run185,6
AF75_S2_mRNA_rep,AF75,Salmonella,CHUSJ,run185,6
AF77_L2_mRNA,AF77,Listeria,IC,run1104,7
AF77_NI2_mRNA,AF77,Non-infected,IC,run1104,7
AF77_S2_mRNA,AF77,Salmonella,IC,run1104,7
AF79_L2_mRNA,AF79,Listeria,IC,run1144,3
AF79_NI2_mRNA,AF79,Non-infected,IC,run1144,3
AF79_S2_mRNA,AF79,Salmonella,IC,run1144,3
AF89_S2_mRNA,AF89,Salmonella,CHUSJ,run152,1
AF91_S2_mRNA,AF91,Salmonella,CHUSJ,run152,2
AF93_L2_mRNA,AF93,Listeria,CHUSJ,run152,3
AF93_NI2_mRNA,AF93,Non-infected,CHUSJ,run152,3
AF93_S2_mRNA,AF93,Salmonella,CHUSJ,run152,3
AF95_L2_mRNA,AF95,Listeria,CHUSJ,run152,4
AF95_NI2_mRNA,AF95,Non-infected,CHUSJ,run152,4
AF95_S2_mRNA,AF95,Salmonella,CHUSJ,run152,4
AF97_L2_mRNA,AF97,Listeria,CHUSJ,run156,3
AF97_NI2_mRNA,AF97,Non-infected,CHUSJ,run156,3
AF97_S2_mRNA,AF97,Salmonella,CHUSJ,run156,3
EU06_L2_mRNA,EU06,Listeria,IC,run786,5
EU06_NI2_mRNA,EU06,Non-infected,IC,run786,5
EU06_S2_mRNA,EU06,Salmonella,IC,run786,5
EU104_L2_mRNA,EU104,Listeria,CHUSJ,run152,2
EU104_NI2_mRNA,EU104,Non-infected,CHUSJ,run152,2
EU104_S2_mRNA,EU104,Salmonella,CHUSJ,run152,2
EU110_L2_mRNA,EU110,Listeria,CHUSJ,run152,3
EU110_NI2_mRNA,EU110,Non-infected,CHUSJ,run152,3
EU110_S2_mRNA,EU110,Salmonella,CHUSJ,run152,3
EU118_L2_mRNA,EU118,Listeria,CHUSJ,run152,4
EU118_NI2_mRNA,EU118,Non-infected,CHUSJ,run152,4
EU118_S2_mRNA,EU118,Salmonella,CHUSJ,run152,4
EU120_L2_mRNA,EU120,Listeria,CHUSJ,run152,5
EU120_NI2_mRNA,EU120,Non-infected,CHUSJ,run152,5
EU120_S2_mRNA,EU120,Salmonella,CHUSJ,run152,5
EU122_L2_mRNA,EU122,Listeria,CHUSJ,run156,2
EU122_NI2_mRNA,EU122,Non-infected,CHUSJ,run156,2
EU122_S2_mRNA,EU122,Salmonella,CHUSJ,run156,2
EU126_L2_mRNA,EU126,Listeria,CHUSJ,run191,5
EU126_NI2_mRNA,EU126,Non-infected,CHUSJ,run191,5
EU126_S2_mRNA,EU126,Salmonella,CHUSJ,run191,5
EU128_L2_mRNA,EU128,Listeria,CHUSJ,run152,6
EU128_NI2_mRNA,EU128,Non-infected,CHUSJ,run152,6
EU128_S2_mRNA,EU128,Salmonella,CHUSJ,run152,6
EU130_L2_mRNA,EU130,Listeria,CHUSJ,run156,3
EU130_NI2_mRNA,EU130,Non-infected,CHUSJ,run156,3
EU130_S2_mRNA,EU130,Salmonella,CHUSJ,run156,3
EU134_L2_mRNA,EU134,Listeria,CHUSJ,run152,7
EU134_NI2_mRNA,EU134,Non-infected,CHUSJ,run152,7
EU134_S2_mRNA,EU134,Salmonella,CHUSJ,run152,7
EU136_L2_mRNA,EU136,Listeria,CHUSJ,run152,8
EU136_NI2_mRNA,EU136,Non-infected,CHUSJ,run152,8
EU136_S2_mRNA,EU136,Salmonella,CHUSJ,run152,8
EU138_L2_mRNA,EU138,Listeria,CHUSJ,run156,1
EU138_NI2_mRNA,EU138,Non-infected,CHUSJ,run156,1
EU138_S2_mRNA,EU138,Salmonella,CHUSJ,run156,1
EU14_L2_mRNA,EU14,Listeria,IC,run580,4
EU14_NI2_mRNA,EU14,Non-infected,IC,run580,4
EU14_S2_mRNA,EU14,Salmonella,IC,run580,4
EU140_L2_mRNA,EU140,Listeria,CHUSJ,run191,6
EU140_NI2_mRNA,EU140,Non-infected,CHUSJ,run191,6
EU140_S2_mRNA,EU140,Salmonella,CHUSJ,run191,6
EU144_L2_mRNA,EU144,Listeria,CHUSJ,run193,1
EU144_NI2_mRNA,EU144,Non-infected,CHUSJ,run193,1
EU144_S2_mRNA,EU144,Salmonella,CHUSJ,run193,1
EU148_L2_mRNA,EU148,Listeria,CHUSJ,run193,2
EU148_NI2_mRNA,EU148,Non-infected,CHUSJ,run193,2
EU148_S2_mRNA,EU148,Salmonella,CHUSJ,run193,2
EU152_L2_mRNA,EU152,Listeria,CHUSJ,run191,7
EU152_NI2_mRNA,EU152,Non-infected,CHUSJ,run191,7
EU152_S2_mRNA,EU152,Salmonella,CHUSJ,run191,7
EU156_L2_mRNA,EU156,Listeria,CHUSJ,run193,3
EU156_NI2_mRNA,EU156,Non-infected,CHUSJ,run193,3
EU156_S2_mRNA,EU156,Salmonella,CHUSJ,run193,3
EU16_L2_mRNA,EU16,Listeria,IC,run580,2
EU16_NI2_mRNA,EU16,Non-infected,IC,run580,2
EU16_S2_mRNA,EU16,Salmonella,IC,run580,2
EU162_L2_mRNA,EU162,Listeria,CHUSJ,run193,4
EU162_NI2_mRNA,EU162,Non-infected,CHUSJ,run193,4
EU162_S2_mRNA,EU162,Salmonella,CHUSJ,run193,4
EU164_L2_mRNA,EU164,Listeria,CHUSJ,run191,1
EU164_NI2_mRNA,EU164,Non-infected,CHUSJ,run191,1
EU164_S2_mRNA,EU164,Salmonella,CHUSJ,run191,1
EU168_L2_mRNA,EU168,Listeria,CHUSJ,run156,4
EU168_NI2_mRNA,EU168,Non-infected,CHUSJ,run156,4
EU168_S2_mRNA,EU168,Salmonella,CHUSJ,run156,4
EU170_L2_mRNA,EU170,Listeria,CHUSJ,run156,5
EU170_NI2_mRNA,EU170,Non-infected,CHUSJ,run156,5
EU170_S2_mRNA,EU170,Salmonella,CHUSJ,run156,5
EU184_L2_mRNA,EU184,Listeria,CHUSJ,run152,8
EU184_NI2_mRNA,EU184,Non-infected,CHUSJ,run152,8
EU184_S2_mRNA,EU184,Salmonella,CHUSJ,run152,8
EU186_L2_mRNA_rep,EU186,Listeria,CHUSJ,run266,6
EU186_NI2_mRNA_rep,EU186,Non-infected,CHUSJ,run266,6
EU186_S2_mRNA_rep,EU186,Salmonella,CHUSJ,run266,6
EU190_L2_mRNA,EU190,Listeria,CHUSJ,run191,3
EU190_NI2_mRNA,EU190,Non-infected,CHUSJ,run191,3
EU190_S2_mRNA,EU190,Salmonella,CHUSJ,run191,3
EU20_NI2_mRNA,EU20,Non-infected,IC,run809,7
EU20_S2_mRNA,EU20,Salmonella,IC,run809,7
EU200_L2_mRNA,EU200,Listeria,CHUSJ,run191,4
EU200_NI2_mRNA,EU200,Non-infected,CHUSJ,run191,4
EU200_S2_mRNA,EU200,Salmonella,CHUSJ,run191,4
EU202_L2_mRNA,EU202,Listeria,CHUSJ,run156,8
EU202_NI2_mRNA,EU202,Non-infected,CHUSJ,run156,8
EU202_S2_mRNA,EU202,Salmonella,CHUSJ,run156,8
EU210_L2_mRNA,EU210,Listeria,CHUSJ,run193,5
EU210_NI2_mRNA,EU210,Non-infected,CHUSJ,run193,5
EU210_S2_mRNA,EU210,Salmonella,CHUSJ,run193,5
EU212_L2_mRNA,EU212,Listeria,CHUSJ,run193,6
EU212_NI2_mRNA,EU212,Non-infected,CHUSJ,run193,6
EU212_S2_mRNA,EU212,Salmonella,CHUSJ,run193,6
EU214_L2_mRNA,EU214,Listeria,CHUSJ,run156,6
EU214_NI2_mRNA,EU214,Non-infected,CHUSJ,run156,6
EU214_S2_mRNA,EU214,Salmonella,CHUSJ,run156,6
EU216_S2_mRNA_rep,EU216,Salmonella,CHUSJ,run266,6
EU216_L2_mRNA_rep,EU216,Listeria,CHUSJ,run266,6
EU216_NI2_mRNA_rep,EU216,Non-infected,CHUSJ,run266,6
EU22_L2_mRNA,EU22,Listeria,IC,run580,3
EU22_NI2_mRNA,EU22,Non-infected,IC,run580,3
EU22_S2_mRNA,EU22,Salmonella,IC,run580,3
EU224_L2_mRNA,EU224,Listeria,CHUSJ,run193,8
EU224_NI2_mRNA,EU224,Non-infected,CHUSJ,run193,8
EU224_S2_mRNA,EU224,Salmonella,CHUSJ,run193,8
EU230_L2_mRNA_rep,EU230,Listeria,CHUSJ,run266,7
EU230_NI2_mRNA_rep,EU230,Non-infected,CHUSJ,run266,7
EU230_S2_mRNA_rep,EU230,Salmonella,CHUSJ,run266,7
EU232_L2_mRNA,EU232,Listeria,CHUSJ,run156,8
EU232_NI2_mRNA,EU232,Non-infected,CHUSJ,run156,8
EU232_S2_mRNA,EU232,Salmonella,CHUSJ,run156,8
EU238_L2_mRNA,EU238,Listeria,CHUSJ,run185,1
EU238_NI2_mRNA,EU238,Non-infected,CHUSJ,run185,1
EU238_S2_mRNA,EU238,Salmonella,CHUSJ,run185,1
EU24_L2_mRNA,EU24,Listeria,IC,run580,7
EU24_NI2_mRNA,EU24,Non-infected,IC,run580,7
EU24_S2_mRNA,EU24,Salmonella,IC,run580,7
EU240_L2_mRNA,EU240,Listeria,CHUSJ,run185,2
EU240_S2_mRNA,EU240,Salmonella,CHUSJ,run185,2
EU242_L2_mRNA,EU242,Listeria,CHUSJ,run185,3
EU242_NI2_mRNA,EU242,Non-infected,CHUSJ,run185,3
EU242_S2_mRNA,EU242,Salmonella,CHUSJ,run185,3
EU246_L2_mRNA,EU246,Listeria,CHUSJ,run193,7
EU246_S2_mRNA_rep,EU246,Salmonella,CHUSJ,run266,7
EU248_L2_mRNA,EU248,Listeria,CHUSJ,run185,4
EU248_NI2_mRNA,EU248,Non-infected,CHUSJ,run185,4
EU248_S2_mRNA,EU248,Salmonella,CHUSJ,run192,3
EU252_NI2_mRNA,EU252,Non-infected,CHUSJ,run156,7
EU252_S2_mRNA,EU252,Salmonella,CHUSJ,run156,7
EU254_L2_mRNA,EU254,Listeria,CHUSJ,run185,5
EU254_NI2_mRNA,EU254,Non-infected,CHUSJ,run185,5
EU254_S2_mRNA,EU254,Salmonella,CHUSJ,run185,5
EU258_L2_mRNA,EU258,Listeria,CHUSJ,run190,2
EU258_NI2_mRNA,EU258,Non-infected,CHUSJ,run190,2
EU258_S2_mRNA,EU258,Salmonella,CHUSJ,run190,2
EU26_L2_mRNA,EU26,Listeria,IC,run580,5
EU26_NI2_mRNA,EU26,Non-infected,IC,run580,5
EU26_S2_mRNA,EU26,Salmonella,IC,run580,5
EU260_L2_mRNA,EU260,Listeria,CHUSJ,run190,3
EU260_NI2_mRNA,EU260,Non-infected,CHUSJ,run190,3
EU260_S2_mRNA,EU260,Salmonella,CHUSJ,run190,3
EU262_L2_mRNA,EU262,Listeria,CHUSJ,run190,4
EU262_NI2_mRNA,EU262,Non-infected,CHUSJ,run190,4
EU262_S2_mRNA,EU262,Salmonella,CHUSJ,run190,4
EU264_L2_mRNA,EU264,Listeria,CHUSJ,run190,5
EU264_NI2_mRNA,EU264,Non-infected,CHUSJ,run190,5
EU264_S2_mRNA,EU264,Salmonella,CHUSJ,run190,5
EU266_L2_mRNA,EU266,Listeria,CHUSJ,run190,6
EU266_NI2_mRNA,EU266,Non-infected,CHUSJ,run190,6
EU266_S2_mRNA,EU266,Salmonella,CHUSJ,run190,6
EU268_L2_mRNA,EU268,Listeria,CHUSJ,run190,7
EU268_NI2_mRNA,EU268,Non-infected,CHUSJ,run190,7
EU268_S2_mRNA,EU268,Salmonella,CHUSJ,run190,7
EU270_L2_mRNA,EU270,Listeria,CHUSJ,run190,8
EU270_NI2_mRNA,EU270,Non-infected,CHUSJ,run190,8
EU270_S2_mRNA,EU270,Salmonella,CHUSJ,run190,8
EU272_L2_mRNA,EU272,Listeria,CHUSJ,run192,1
EU272_NI2_mRNA,EU272,Non-infected,CHUSJ,run192,1
EU272_S2_mRNA,EU272,Salmonella,CHUSJ,run192,1
EU274_L2_mRNA,EU274,Listeria,CHUSJ,run192,2
EU274_NI2_mRNA,EU274,Non-infected,CHUSJ,run192,2
EU274_S2_mRNA,EU274,Salmonella,CHUSJ,run192,2
EU276_L2_mRNA,EU276,Listeria,CHUSJ,run192,3
EU276_NI2_mRNA,EU276,Non-infected,CHUSJ,run192,3
EU276_S2_mRNA,EU276,Salmonella,CHUSJ,run192,3
EU278_L2_mRNA,EU278,Listeria,CHUSJ,run185,6
EU278_NI2_mRNA,EU278,Non-infected,CHUSJ,run185,6
EU278_S2_mRNA,EU278,Salmonella,CHUSJ,run185,6
EU28_L2_mRNA,EU28,Listeria,IC,run572,8
EU28_NI2_mRNA,EU28,Non-infected,IC,run572,8
EU28_S2_mRNA,EU28,Salmonella,IC,run572,8
EU280_L2_mRNA,EU280,Listeria,CHUSJ,run192,4
EU280_NI2_mRNA,EU280,Non-infected,CHUSJ,run192,4
EU280_S2_mRNA,EU280,Salmonella,CHUSJ,run192,4
EU282_L2_mRNA,EU282,Listeria,CHUSJ,run192,5
EU282_NI2_mRNA,EU282,Non-infected,CHUSJ,run192,5
EU282_S2_mRNA,EU282,Salmonella,CHUSJ,run192,5
EU284_L2_mRNA,EU284,Listeria,CHUSJ,run192,6
EU284_NI2_mRNA,EU284,Non-infected,CHUSJ,run192,6
EU284_S2_mRNA,EU284,Salmonella,CHUSJ,run192,6
EU286_L2_mRNA,EU286,Listeria,CHUSJ,run192,7
EU286_NI2_mRNA,EU286,Non-infected,CHUSJ,run192,7
EU286_S2_mRNA,EU286,Salmonella,CHUSJ,run192,7
EU288_L2_mRNA,EU288,Listeria,CHUSJ,run185,7
EU288_NI2_mRNA,EU288,Non-infected,CHUSJ,run185,7
EU288_S2_mRNA,EU288,Salmonella,CHUSJ,run185,7
EU290_L2_mRNA,EU290,Listeria,CHUSJ,run185,8
EU290_NI2_mRNA,EU290,Non-infected,CHUSJ,run185,8
EU290_S2_mRNA,EU290,Salmonella,CHUSJ,run185,8
EU294_S2_mRNA_rep,EU294,Salmonella,CHUSJ,run266,5
EU294_L2_mRNA_rep,EU294,Listeria,CHUSJ,run266,5
EU294_NI2_mRNA_rep,EU294,Non-infected,CHUSJ,run266,5
EU296_L2_mRNA_rep,EU296,Listeria,CHUSJ,run266,5
EU296_NI2_mRNA_rep,EU296,Non-infected,CHUSJ,run266,5
EU296_S2_mRNA_rep,EU296,Salmonella,CHUSJ,run266,5
EU298_L2_mRNA,EU298,Listeria,CHUSJ,run191,8
EU298_NI2_mRNA,EU298,Non-infected,CHUSJ,run191,8
EU298_S2_mRNA,EU298,Salmonella,CHUSJ,run191,8
EU30_L2_mRNA,EU30,Listeria,IC,run580,6
EU30_NI2_mRNA,EU30,Non-infected,IC,run580,6
EU30_S2_mRNA,EU30,Salmonella,IC,run580,6
EU300_L2_mRNA,EU300,Listeria,CHUSJ,run192,8
EU300_NI2_mRNA,EU300,Non-infected,CHUSJ,run192,8
EU300_S2_mRNA,EU300,Salmonella,CHUSJ,run192,8
EU302_L2_mRNA,EU302,Listeria,CHUSJ,run181,1
EU302_NI2_mRNA,EU302,Non-infected,CHUSJ,run181,1
EU302_S2_mRNA,EU302,Salmonella,CHUSJ,run181,1
EU306_L2_mRNA,EU306,Listeria,CHUSJ,run181,1
EU306_NI2_mRNA,EU306,Non-infected,CHUSJ,run181,1
EU306_S2_mRNA,EU306,Salmonella,CHUSJ,run181,1
EU34_L2_mRNA,EU34,Listeria,IC,run782,5
EU34_NI2_mRNA,EU34,Non-infected,IC,run782,5
EU34_S2_mRNA,EU34,Salmonella,IC,run782,5
EU36_L2_mRNA,EU36,Listeria,IC,run786,6
EU36_NI2_mRNA,EU36,Non-infected,IC,run786,6
EU36_S2_mRNA,EU36,Salmonella,IC,run786,6
EU40_L2_mRNA,EU40,Listeria,IC,run786,3
EU40_S2_mRNA,EU40,Salmonella,IC,run786,3
EU40_NI2_mRNA_rep,EU40,Non-infected,CHUSJ,run266,7
EU42_L2_mRNA,EU42,Listeria,IC,run782,3
EU42_NI2_mRNA,EU42,Non-infected,IC,run782,3
EU42_S2_mRNA,EU42,Salmonella,IC,run782,3
EU46_L2_mRNA,EU46,Listeria,IC,run782,6
EU46_NI2_mRNA,EU46,Non-infected,IC,run782,6
EU46_S2_mRNA,EU46,Salmonella,IC,run782,6
EU48_L2_mRNA,EU48,Listeria,IC,run782,4
EU48_NI2_mRNA,EU48,Non-infected,IC,run782,4
EU48_S2_mRNA,EU48,Salmonella,IC,run782,4
EU50_L2_mRNA,EU50,Listeria,IC,run786,8
EU50_NI2_mRNA,EU50,Non-infected,IC,run786,8
EU50_S2_mRNA,EU50,Salmonella,IC,run786,8
EU52_L2_mRNA,EU52,Listeria,IC,run782,8
EU52_NI2_mRNA,EU52,Non-infected,IC,run782,8
EU52_S2_mRNA,EU52,Salmonella,IC,run782,8
EU54_L2_mRNA,EU54,Listeria,IC,run782,7
EU54_NI2_mRNA,EU54,Non-infected,IC,run782,7
EU54_S2_mRNA,EU54,Salmonella,IC,run782,7
EU56_L2_mRNA,EU56,Listeria,IC,run786,7
EU56_NI2_mRNA,EU56,Non-infected,IC,run786,7
EU56_S2_mRNA_rep,EU56,Salmonella,CHUSJ,run266,7
EU58_L2_mRNA,EU58,Listeria,IC,run782,1
EU58_NI2_mRNA,EU58,Non-infected,IC,run782,1
EU58_S2_mRNA,EU58,Salmonella,IC,run782,1
EU60_L2_mRNA,EU60,Listeria,IC,run782,2
EU60_NI2_mRNA,EU60,Non-infected,IC,run782,2
EU60_S2_mRNA,EU60,Salmonella,IC,run782,2
EU62_L2_mRNA,EU62,Listeria,IC,run786,1
EU62_NI2_mRNA,EU62,Non-infected,IC,run786,1
EU62_S2_mRNA,EU62,Salmonella,IC,run786,1
EU64_L2_mRNA,EU64,Listeria,IC,run786,4
EU64_NI2_mRNA,EU64,Non-infected,IC,run786,4
EU64_S2_mRNA,EU64,Salmonella,IC,run786,4
EU66_L2_mRNA,EU66,Listeria,IC,run786,2
EU66_NI2_mRNA,EU66,Non-infected,IC,run786,2
EU66_S2_mRNA,EU66,Salmonella,IC,run786,2
EU68_L2_mRNA,EU68,Listeria,IC,run1104,3
EU68_NI2_mRNA,EU68,Non-infected,IC,run1104,3
EU68_S2_mRNA,EU68,Salmonella,IC,run1104,3
EU70_L2_mRNA,EU70,Listeria,IC,run1104,6
EU70_NI2_mRNA,EU70,Non-infected,IC,run1104,6
EU70_S2_mRNA,EU70,Salmonella,IC,run1104,6
EU72_L2_mRNA,EU72,Listeria,IC,run1104,5
EU72_NI2_mRNA,EU72,Non-infected,IC,run1104,5
EU72_S2_mRNA,EU72,Salmonella,IC,run1104,5
EU74_L2_mRNA,EU74,Listeria,IC,run1104,4
EU74_NI2_mRNA,EU74,Non-infected,IC,run1104,4
EU74_S2_mRNA,EU74,Salmonella,IC,run1104,4
EU76_L2_mRNA,EU76,Listeria,IC,run1144,1
EU76_NI2_mRNA,EU76,Non-infected,IC,run1144,1
EU76_S2_mRNA,EU76,Salmonella,IC,run1144,1
EU78_L2_mRNA,EU78,Listeria,IC,run1144,2
EU78_NI2_mRNA,EU78,Non-infected,IC,run1144,2
EU78_S2_mRNA,EU78,Salmonella,IC,run1144,2
EU80_L2_mRNA,EU80,Listeria,IC,run1144,3
EU80_NI2_mRNA,EU80,Non-infected,IC,run1144,3
EU80_S2_mRNA,EU80,Salmonella,IC,run1144,3
EU96_L2_mRNA,EU96,Listeria,CHUSJ,run152,1
EU96_NI2_mRNA,EU96,Non-infected,CHUSJ,run152,1
EU96_S2_mRNA,EU96,Salmonella,CHUSJ,run152,1