sample_id	genotype_id	sex	cell_type	condition	timepoint	read_length	stranded	paired	protocol	rna_qc_passed	genotype_qc_passed	study	file_name	ega_file_name
UCB018	UC018	female	LCL	naive	0	50bp	FALSE	TRUE	poly(A)	TRUE	TRUE	GENCORD	UC018L_110204_2_sorted.bam	EGAF00000187089
UCB019	UC019	female	LCL	naive	0	50bp	FALSE	TRUE	poly(A)	TRUE	TRUE	GENCORD	UC019L_100930_1_sorted.bam	EGAF00000187091
UCB024	UC024	male	LCL	naive	0	50bp	FALSE	TRUE	poly(A)	TRUE	TRUE	GENCORD	UC024L_110204_1_sorted.bam	EGAF00000187093
UCB025	UC025	female	LCL	naive	0	50bp	FALSE	TRUE	poly(A)	TRUE	TRUE	GENCORD	UC025L_110413_1_sorted.bam	EGAF00000187096
UCB042	UC042	female	LCL	naive	0	50bp	FALSE	TRUE	poly(A)	TRUE	TRUE	GENCORD	UC042L_100930_2_sorted.bam	EGAF00000187101
UCB048	UC048	female	LCL	naive	0	50bp	FALSE	TRUE	poly(A)	TRUE	TRUE	GENCORD	UC048L_110413_5_sorted.bam	EGAF00000187104
UCB049	UC049	male	LCL	naive	0	50bp	FALSE	TRUE	poly(A)	TRUE	TRUE	GENCORD	UC049L_110204_2_sorted.bam	EGAF00000187107
UCB050	UC050	male	LCL	naive	0	50bp	FALSE	TRUE	poly(A)	TRUE	TRUE	GENCORD	UC050L_110413_1_sorted.bam	EGAF00000187110
UCB051	UC051	male	LCL	naive	0	50bp	FALSE	TRUE	poly(A)	TRUE	TRUE	GENCORD	UC051L_110204_4_sorted.bam	EGAF00000187113
UCB060	UC060	female	LCL	naive	0	50bp	FALSE	TRUE	poly(A)	TRUE	TRUE	GENCORD	UC060L_110204_5_sorted.bam	EGAF00000187116
UCB062	UC062	male	LCL	naive	0	50bp	FALSE	TRUE	poly(A)	TRUE	TRUE	GENCORD	UC062L_100930_3_sorted.bam	EGAF00000187119
UCB078	UC078	male	LCL	naive	0	50bp	FALSE	TRUE	poly(A)	TRUE	TRUE	GENCORD	UC078L_110204_6_sorted.bam	EGAF00000187121
UCB086	UC086	female	LCL	naive	0	50bp	FALSE	TRUE	poly(A)	TRUE	TRUE	GENCORD	UC086L_110204_7_sorted.bam	EGAF00000187126
UCB087	UC087	male	LCL	naive	0	50bp	FALSE	TRUE	poly(A)	FALSE	TRUE	GENCORD	UC087L_110204_6_sorted.bam	EGAF00000187127
UCB088	UC088	female	LCL	naive	0	50bp	FALSE	TRUE	poly(A)	TRUE	TRUE	GENCORD	UC088L_110204_1_sorted.bam	EGAF00000187130
UCB093	UC093	male	LCL	naive	0	50bp	FALSE	TRUE	poly(A)	TRUE	TRUE	GENCORD	UC093L_101108_8_sorted.bam	EGAF00000187133
UCB1001	UC1001	female	LCL	naive	0	50bp	FALSE	TRUE	poly(A)	TRUE	TRUE	GENCORD	UCB1001_120315_6_sorted.bam	EGAF00000187239
UCB1007	UC1007	female	LCL	naive	0	50bp	FALSE	TRUE	poly(A)	TRUE	TRUE	GENCORD	UCB1007_120229_8_sorted.bam	EGAF00000187240
UCB100	UC100	female	LCL	naive	0	50bp	FALSE	TRUE	poly(A)	TRUE	TRUE	GENCORD	UC100L_110413_5_sorted.bam	EGAF00000187136
UCB1010	UC1010	female	LCL	naive	0	50bp	FALSE	TRUE	poly(A)	TRUE	TRUE	GENCORD	UCB1010_120224_5_sorted.bam	EGAF00000187241
UCB1011	UC1011	male	LCL	naive	0	50bp	FALSE	TRUE	poly(A)	TRUE	TRUE	GENCORD	UCB1011_120224_3_sorted.bam	EGAF00000187242
UCB1012	UC1012	male	LCL	naive	0	50bp	FALSE	TRUE	poly(A)	TRUE	TRUE	GENCORD	UCB1012_120229_2_sorted.bam	EGAF00000187243
UCB1014	UC1014	female	LCL	naive	0	50bp	FALSE	TRUE	poly(A)	TRUE	TRUE	GENCORD	UCB1014_120229_2_sorted.bam	EGAF00000187244
UCB1016	UC1016	female	LCL	naive	0	50bp	FALSE	TRUE	poly(A)	TRUE	TRUE	GENCORD	UCB1016_120202_5_sorted.bam	EGAF00000187245
UCB1021	UC1021	female	LCL	naive	0	50bp	FALSE	TRUE	poly(A)	TRUE	TRUE	GENCORD	UCB1021_120229_4_sorted.bam	EGAF00000187246
UCB1023	UC1023	female	LCL	naive	0	50bp	FALSE	TRUE	poly(A)	TRUE	TRUE	GENCORD	UCB1023_120229_2_sorted.bam	EGAF00000187247
UCB1024	UC1024	male	LCL	naive	0	50bp	FALSE	TRUE	poly(A)	TRUE	TRUE	GENCORD	UCB1024_120229_3_sorted.bam	EGAF00000187248
UCB1025	UC1025	male	LCL	naive	0	50bp	FALSE	TRUE	poly(A)	TRUE	TRUE	GENCORD	UCB1025_120202_5_sorted.bam	EGAF00000187249
UCB1027	UC1027	female	LCL	naive	0	50bp	FALSE	TRUE	poly(A)	TRUE	TRUE	GENCORD	UCB1027_120224_8_sorted.bam	EGAF00000187250
UCB1028	UC1028	male	LCL	naive	0	50bp	FALSE	TRUE	poly(A)	TRUE	TRUE	GENCORD	UCB1028_120229_5_sorted.bam	EGAF00000187251
UCB1029	UC1029	male	LCL	naive	0	50bp	FALSE	TRUE	poly(A)	TRUE	TRUE	GENCORD	UCB1029_120229_2_sorted.bam	EGAF00000187252
UCB1030	UC1030	male	LCL	naive	0	50bp	FALSE	TRUE	poly(A)	TRUE	TRUE	GENCORD	UCB1030_120229_7_sorted.bam	EGAF00000187253
UCB103	UC103	male	LCL	naive	0	50bp	FALSE	TRUE	poly(A)	TRUE	TRUE	GENCORD	UC103L_100930_5_sorted.bam	EGAF00000187139
UCB1040	UC1040	female	LCL	naive	0	50bp	FALSE	TRUE	poly(A)	TRUE	TRUE	GENCORD	UCB1040_120224_4_sorted.bam	EGAF00000187254
UCB1045	UC1045	female	LCL	naive	0	50bp	FALSE	TRUE	poly(A)	TRUE	TRUE	GENCORD	UCB1045_120229_8_sorted.bam	EGAF00000187255
UCB1046	UC1046	male	LCL	naive	0	50bp	FALSE	TRUE	poly(A)	TRUE	TRUE	GENCORD	UCB1046_120224_7_sorted.bam	EGAF00000187256
UCB1047	UC1047	female	LCL	naive	0	50bp	FALSE	TRUE	poly(A)	TRUE	TRUE	GENCORD	UCB1047_120224_6_sorted.bam	EGAF00000187257
UCB1048	UC1048	male	LCL	naive	0	50bp	FALSE	TRUE	poly(A)	TRUE	TRUE	GENCORD	UCB1048_120224_8_sorted.bam	EGAF00000187258
UCB1052	UC1052	female	LCL	naive	0	50bp	FALSE	TRUE	poly(A)	TRUE	TRUE	GENCORD	UCB1052_120229_4_sorted.bam	EGAF00000187259
UCB1053	UC1053	female	LCL	naive	0	50bp	FALSE	TRUE	poly(A)	TRUE	TRUE	GENCORD	UCB1053_120229_3_sorted.bam	EGAF00000187260
UCB1055	UC1055	male	LCL	naive	0	50bp	FALSE	TRUE	poly(A)	TRUE	TRUE	GENCORD	UCB1055_120229_3_sorted.bam	EGAF00000187261
UCB1056	UC1056	female	LCL	naive	0	50bp	FALSE	TRUE	poly(A)	TRUE	TRUE	GENCORD	UCB1056_120229_7_sorted.bam	EGAF00000187262
UCB1057	UC1057	female	LCL	naive	0	50bp	FALSE	TRUE	poly(A)	TRUE	TRUE	GENCORD	UCB1057_120202_7_sorted.bam	EGAF00000187263
UCB1058	UC1058	female	LCL	naive	0	50bp	FALSE	TRUE	poly(A)	TRUE	TRUE	GENCORD	UCB1058_120229_3_sorted.bam	EGAF00000187264
UCB1059	UC1059	female	LCL	naive	0	50bp	FALSE	TRUE	poly(A)	TRUE	TRUE	GENCORD	UCB1059_120224_8_sorted.bam	EGAF00000187265
UCB105	UC105	male	LCL	naive	0	50bp	FALSE	TRUE	poly(A)	TRUE	TRUE	GENCORD	UC105L_110204_2_sorted.bam	EGAF00000187142
UCB1061	UC1061	male	LCL	naive	0	50bp	FALSE	TRUE	poly(A)	TRUE	TRUE	GENCORD	UCB1061_120224_1_sorted.bam	EGAF00000187266
UCB1062	UC1062	male	LCL	naive	0	50bp	FALSE	TRUE	poly(A)	TRUE	TRUE	GENCORD	UCB1062_120224_3_sorted.bam	EGAF00000187267
UCB1064	UC1064	male	LCL	naive	0	50bp	FALSE	TRUE	poly(A)	TRUE	TRUE	GENCORD	UCB1064_120229_4_sorted.bam	EGAF00000187268
UCB1067	UC1067	male	LCL	naive	0	50bp	FALSE	TRUE	poly(A)	TRUE	TRUE	GENCORD	UCB1067_120202_4_sorted.bam	EGAF00000187269
UCB1068	UC1068	male	LCL	naive	0	50bp	FALSE	TRUE	poly(A)	TRUE	TRUE	GENCORD	UCB1068_120202_8_sorted.bam	EGAF00000187270
UCB1069	UC1069	female	LCL	naive	0	50bp	FALSE	TRUE	poly(A)	TRUE	TRUE	GENCORD	UCB1069_120224_2_sorted.bam	EGAF00000187271
UCB1070	UC1070	female	LCL	naive	0	50bp	FALSE	TRUE	poly(A)	TRUE	TRUE	GENCORD	UCB1070_120229_7_sorted.bam	EGAF00000187272
UCB1071	UC1071	female	LCL	naive	0	50bp	FALSE	TRUE	poly(A)	TRUE	TRUE	GENCORD	UCB1071_120224_1_sorted.bam	EGAF00000187273
UCB1072	UC1072	male	LCL	naive	0	50bp	FALSE	TRUE	poly(A)	TRUE	TRUE	GENCORD	UCB1072_120224_4_sorted.bam	EGAF00000187274
UCB1073	UC1073	male	LCL	naive	0	50bp	FALSE	TRUE	poly(A)	TRUE	TRUE	GENCORD	UCB1073_120229_4_sorted.bam	EGAF00000187275
UCB1074	UC1074	female	LCL	naive	0	50bp	FALSE	TRUE	poly(A)	TRUE	TRUE	GENCORD	UCB1074_120224_1_sorted.bam	EGAF00000187276
UCB1075	UC1075	male	LCL	naive	0	50bp	FALSE	TRUE	poly(A)	TRUE	TRUE	GENCORD	UCB1075_120202_7_sorted.bam	EGAF00000187277
UCB1076	UC1076	female	LCL	naive	0	50bp	FALSE	TRUE	poly(A)	TRUE	TRUE	GENCORD	UCB1076_120224_1_sorted.bam	EGAF00000187278
UCB1077	UC1077	male	LCL	naive	0	50bp	FALSE	TRUE	poly(A)	TRUE	TRUE	GENCORD	UCB1077_120224_3_sorted.bam	EGAF00000187279
UCB1078	UC1078	male	LCL	naive	0	50bp	FALSE	TRUE	poly(A)	TRUE	TRUE	GENCORD	UCB1078_120224_1_sorted.bam	EGAF00000187280
UCB1079	UC1079	male	LCL	naive	0	50bp	FALSE	TRUE	poly(A)	TRUE	TRUE	GENCORD	UCB1079_120224_2_sorted.bam	EGAF00000187281
UCB1080	UC1080	male	LCL	naive	0	50bp	FALSE	TRUE	poly(A)	TRUE	TRUE	GENCORD	UCB1080_120224_4_sorted.bam	EGAF00000187282
UCB1083	UC1083	female	LCL	naive	0	50bp	FALSE	TRUE	poly(A)	TRUE	TRUE	GENCORD	UCB1083_120224_5_sorted.bam	EGAF00000187283
UCB1085	UC1085	male	LCL	naive	0	50bp	FALSE	TRUE	poly(A)	TRUE	TRUE	GENCORD	UCB1085_120229_7_sorted.bam	EGAF00000187284
UCB1086	UC1086	male	LCL	naive	0	50bp	FALSE	TRUE	poly(A)	TRUE	TRUE	GENCORD	UCB1086_120229_4_sorted.bam	EGAF00000187285
UCB1087	UC1087	male	LCL	naive	0	50bp	FALSE	TRUE	poly(A)	TRUE	TRUE	GENCORD	UCB1087_120229_7_sorted.bam	EGAF00000187286
UCB1088	UC1088	female	LCL	naive	0	50bp	FALSE	TRUE	poly(A)	TRUE	TRUE	GENCORD	UCB1088_120224_1_sorted.bam	EGAF00000187287
UCB1089	UC1089	male	LCL	naive	0	50bp	FALSE	TRUE	poly(A)	TRUE	TRUE	GENCORD	UCB1089_120229_8_sorted.bam	EGAF00000187288
UCB108	UC108	female	LCL	naive	0	50bp	FALSE	TRUE	poly(A)	TRUE	TRUE	GENCORD	UC108L_110204_3_sorted.bam	EGAF00000187145
UCB1090	UC1090	male	LCL	naive	0	50bp	FALSE	TRUE	poly(A)	TRUE	TRUE	GENCORD	UCB1090_120202_1_sorted.bam	EGAF00000187289
UCB1091	UC1091	female	LCL	naive	0	50bp	FALSE	TRUE	poly(A)	TRUE	TRUE	GENCORD	UCB1091_120229_4_sorted.bam	EGAF00000187290
UCB1092	UC1092	female	LCL	naive	0	50bp	FALSE	TRUE	poly(A)	TRUE	TRUE	GENCORD	UCB1092_120315_3_sorted.bam	EGAF00000187291
UCB1094	UC1094	female	LCL	naive	0	50bp	FALSE	TRUE	poly(A)	TRUE	TRUE	GENCORD	UCB1094_120224_7_sorted.bam	EGAF00000187292
UCB1096	UC1096	male	LCL	naive	0	50bp	FALSE	TRUE	poly(A)	TRUE	TRUE	GENCORD	UCB1096_120224_5_sorted.bam	EGAF00000187293
UCB1097	UC1097	male	LCL	naive	0	50bp	FALSE	TRUE	poly(A)	TRUE	TRUE	GENCORD	UCB1097_120224_1_sorted.bam	EGAF00000187294
UCB1098	UC1098	male	LCL	naive	0	50bp	FALSE	TRUE	poly(A)	TRUE	TRUE	GENCORD	UCB1098_120229_5_sorted.bam	EGAF00000187295
UCB1099	UC1099	female	LCL	naive	0	50bp	FALSE	TRUE	poly(A)	TRUE	TRUE	GENCORD	UCB1099_120202_5_sorted.bam	EGAF00000187296
UCB1100	UC1100	male	LCL	naive	0	50bp	FALSE	TRUE	poly(A)	TRUE	TRUE	GENCORD	UCB1100_120224_3_sorted.bam	EGAF00000187297
UCB1101	UC1101	male	LCL	naive	0	50bp	FALSE	TRUE	poly(A)	TRUE	TRUE	GENCORD	UCB1101_120229_2_sorted.bam	EGAF00000187298
UCB1102	UC1102	female	LCL	naive	0	50bp	FALSE	TRUE	poly(A)	TRUE	TRUE	GENCORD	UCB1102_120229_7_sorted.bam	EGAF00000187299
UCB1103	UC1103	male	LCL	naive	0	50bp	FALSE	TRUE	poly(A)	TRUE	TRUE	GENCORD	UCB1103_120202_6_sorted.bam	EGAF00000187300
UCB1104	UC1104	male	LCL	naive	0	50bp	FALSE	TRUE	poly(A)	TRUE	TRUE	GENCORD	UCB1104_120229_7_sorted.bam	EGAF00000187301
UCB1105	UC1105	male	LCL	naive	0	50bp	FALSE	TRUE	poly(A)	TRUE	TRUE	GENCORD	UCB1105_120202_1_sorted.bam	EGAF00000187302
UCB1106	UC1106	female	LCL	naive	0	50bp	FALSE	TRUE	poly(A)	TRUE	TRUE	GENCORD	UCB1106_120224_3_sorted.bam	EGAF00000187303
UCB1107	UC1107	male	LCL	naive	0	50bp	FALSE	TRUE	poly(A)	TRUE	TRUE	GENCORD	UCB1107_120224_8_sorted.bam	EGAF00000187304
UCB1108	UC1108	male	LCL	naive	0	50bp	FALSE	TRUE	poly(A)	TRUE	TRUE	GENCORD	UCB1108_120229_1_sorted.bam	EGAF00000187305
UCB1109	UC1109	male	LCL	naive	0	50bp	FALSE	TRUE	poly(A)	TRUE	TRUE	GENCORD	UCB1109_120229_3_sorted.bam	EGAF00000187306
UCB110	UC110	male	LCL	naive	0	50bp	FALSE	TRUE	poly(A)	TRUE	TRUE	GENCORD	UC110L_100930_6_sorted.bam	EGAF00000187147
UCB1112	UC1112	male	LCL	naive	0	50bp	FALSE	TRUE	poly(A)	TRUE	TRUE	GENCORD	UCB1112_120229_5_sorted.bam	EGAF00000187307
UCB1113	UC1113	male	LCL	naive	0	50bp	FALSE	TRUE	poly(A)	TRUE	TRUE	GENCORD	UCB1113_120202_2_sorted.bam	EGAF00000187308
UCB1115	UC1115	male	LCL	naive	0	50bp	FALSE	TRUE	poly(A)	TRUE	TRUE	GENCORD	UCB1115_120202_2_sorted.bam	EGAF00000187309
UCB1116	UC1116	male	LCL	naive	0	50bp	FALSE	TRUE	poly(A)	TRUE	TRUE	GENCORD	UCB1116_120229_2_sorted.bam	EGAF00000187310
UCB1117	UC1117	female	LCL	naive	0	50bp	FALSE	TRUE	poly(A)	TRUE	TRUE	GENCORD	UCB1117_120229_6_sorted.bam	EGAF00000187311
UCB1119	UC1119	female	LCL	naive	0	50bp	FALSE	TRUE	poly(A)	TRUE	TRUE	GENCORD	UCB1119_120229_7_sorted.bam	EGAF00000187312
UCB1120	UC1120	male	LCL	naive	0	50bp	FALSE	TRUE	poly(A)	TRUE	TRUE	GENCORD	UCB1120_120224_7_sorted.bam	EGAF00000187313
UCB1123	UC1123	male	LCL	naive	0	50bp	FALSE	TRUE	poly(A)	TRUE	TRUE	GENCORD	UCB1123_120229_3_sorted.bam	EGAF00000187314
UCB1124	UC1124	male	LCL	naive	0	50bp	FALSE	TRUE	poly(A)	TRUE	TRUE	GENCORD	UCB1124_120224_7_sorted.bam	EGAF00000187315
UCB1125	UC1125	male	LCL	naive	0	50bp	FALSE	TRUE	poly(A)	TRUE	TRUE	GENCORD	UCB1125_120202_6_sorted.bam	EGAF00000187316
UCB1126	UC1126	female	LCL	naive	0	50bp	FALSE	TRUE	poly(A)	TRUE	TRUE	GENCORD	UCB1126_120224_6_sorted.bam	EGAF00000187317
UCB1128	UC1128	female	LCL	naive	0	50bp	FALSE	TRUE	poly(A)	TRUE	TRUE	GENCORD	UCB1128_120224_3_sorted.bam	EGAF00000187318
UCB1129	UC1129	male	LCL	naive	0	50bp	FALSE	TRUE	poly(A)	TRUE	TRUE	GENCORD	UCB1129_120224_7_sorted.bam	EGAF00000187319
UCB1130	UC1130	male	LCL	naive	0	50bp	FALSE	TRUE	poly(A)	TRUE	TRUE	GENCORD	UCB1130_120224_8_sorted.bam	EGAF00000187320
UCB1131	UC1131	female	LCL	naive	0	50bp	FALSE	TRUE	poly(A)	TRUE	TRUE	GENCORD	UCB1131_120229_6_sorted.bam	EGAF00000187321
UCB1135	UC1135	female	LCL	naive	0	50bp	FALSE	TRUE	poly(A)	TRUE	TRUE	GENCORD	UCB1135_120229_5_sorted.bam	EGAF00000187322
UCB1136	UC1136	female	LCL	naive	0	50bp	FALSE	TRUE	poly(A)	TRUE	TRUE	GENCORD	UCB1136_120202_8_sorted.bam	EGAF00000187323
UCB1137	UC1137	male	LCL	naive	0	50bp	FALSE	TRUE	poly(A)	TRUE	TRUE	GENCORD	UCB1137_120229_5_sorted.bam	EGAF00000187324
UCB1139	UC1139	female	LCL	naive	0	50bp	FALSE	TRUE	poly(A)	TRUE	TRUE	GENCORD	UCB1139_120202_7_sorted.bam	EGAF00000187325
UCB113	UC113	female	LCL	naive	0	50bp	FALSE	TRUE	poly(A)	TRUE	TRUE	GENCORD	UC113L_110204_5_sorted.bam	EGAF00000187150
UCB1143	UC1143	male	LCL	naive	0	50bp	FALSE	TRUE	poly(A)	TRUE	TRUE	GENCORD	UCB1143_120229_8_sorted.bam	EGAF00000187326
UCB1146	UC1146	female	LCL	naive	0	50bp	FALSE	TRUE	poly(A)	TRUE	TRUE	GENCORD	UCB1146_120224_4_sorted.bam	EGAF00000187327
UCB1148	UC1148	female	LCL	naive	0	50bp	FALSE	TRUE	poly(A)	TRUE	TRUE	GENCORD	UCB1148_120202_5_sorted.bam	EGAF00000187328
UCB114	UC114	male	LCL	naive	0	50bp	FALSE	TRUE	poly(A)	TRUE	TRUE	GENCORD	UC114L_110218_2_sorted.bam	EGAF00000187153
UCB1156	UC1156	male	LCL	naive	0	50bp	FALSE	TRUE	poly(A)	TRUE	TRUE	GENCORD	UCB1156_120315_7_sorted.bam	EGAF00000187329
UCB1159	UC1159	male	LCL	naive	0	50bp	FALSE	TRUE	poly(A)	TRUE	TRUE	GENCORD	UCB1159_120224_5_sorted.bam	EGAF00000187330
UCB115	UC115	male	LCL	naive	0	50bp	FALSE	TRUE	poly(A)	TRUE	TRUE	GENCORD	UC115L_110221_8_sorted.bam	EGAF00000187156
UCB1160	UC1160	female	LCL	naive	0	50bp	FALSE	TRUE	poly(A)	TRUE	TRUE	GENCORD	UCB1160_120224_3_sorted.bam	EGAF00000187331
UCB1161	UC1161	female	LCL	naive	0	50bp	FALSE	TRUE	poly(A)	TRUE	TRUE	GENCORD	UCB1161_120315_6_sorted.bam	EGAF00000187332
UCB1163	UC1163	male	LCL	naive	0	50bp	FALSE	TRUE	poly(A)	TRUE	TRUE	GENCORD	UCB1163_120229_4_sorted.bam	EGAF00000187333
UCB1164	UC1164	female	LCL	naive	0	50bp	FALSE	TRUE	poly(A)	TRUE	TRUE	GENCORD	UCB1164_120202_6_sorted.bam	EGAF00000187334
UCB1167	UC1167	female	LCL	naive	0	50bp	FALSE	TRUE	poly(A)	TRUE	TRUE	GENCORD	UCB1167_120229_2_sorted.bam	EGAF00000187335
UCB1168	UC1168	female	LCL	naive	0	50bp	FALSE	TRUE	poly(A)	TRUE	TRUE	GENCORD	UCB1168_120224_4_sorted.bam	EGAF00000187336
UCB1169	UC1169	male	LCL	naive	0	50bp	FALSE	TRUE	poly(A)	TRUE	TRUE	GENCORD	UCB1169_120224_3_sorted.bam	EGAF00000187337
UCB116	UC116	male	LCL	naive	0	50bp	FALSE	TRUE	poly(A)	TRUE	TRUE	GENCORD	UC116L_110221_1_sorted.bam	EGAF00000187158
UCB1170	UC1170	male	LCL	naive	0	50bp	FALSE	TRUE	poly(A)	TRUE	TRUE	GENCORD	UCB1170_120229_5_sorted.bam	EGAF00000187338
UCB1171	UC1171	female	LCL	naive	0	50bp	FALSE	TRUE	poly(A)	TRUE	TRUE	GENCORD	UCB1171_120224_7_sorted.bam	EGAF00000187339
UCB1174	UC1174	male	LCL	naive	0	50bp	FALSE	TRUE	poly(A)	TRUE	TRUE	GENCORD	UCB1174_120202_4_sorted.bam	EGAF00000187340
UCB1175	UC1175	female	LCL	naive	0	50bp	FALSE	TRUE	poly(A)	TRUE	TRUE	GENCORD	UCB1175_120229_2_sorted.bam	EGAF00000187341
UCB1176	UC1176	male	LCL	naive	0	50bp	FALSE	TRUE	poly(A)	TRUE	TRUE	GENCORD	UCB1176_120202_2_sorted.bam	EGAF00000187342
UCB1178	UC1178	male	LCL	naive	0	50bp	FALSE	TRUE	poly(A)	TRUE	TRUE	GENCORD	UCB1178_120229_7_sorted.bam	EGAF00000187343
UCB1179	UC1179	female	LCL	naive	0	50bp	FALSE	TRUE	poly(A)	TRUE	TRUE	GENCORD	UCB1179_120202_1_sorted.bam	EGAF00000187344
UCB117	UC117	female	LCL	naive	0	50bp	FALSE	TRUE	poly(A)	TRUE	TRUE	GENCORD	UC117L_110204_8_sorted.bam	EGAF00000187160
UCB1180	UC1180	female	LCL	naive	0	50bp	FALSE	TRUE	poly(A)	TRUE	TRUE	GENCORD	UCB1180_120224_2_sorted.bam	EGAF00000187345
UCB1181	UC1181	male	LCL	naive	0	50bp	FALSE	TRUE	poly(A)	TRUE	TRUE	GENCORD	UCB1181_120224_5_sorted.bam	EGAF00000187346
UCB1182	UC1182	male	LCL	naive	0	50bp	FALSE	TRUE	poly(A)	TRUE	TRUE	GENCORD	UCB1182_120224_4_sorted.bam	EGAF00000187347
UCB1183	UC1183	female	LCL	naive	0	50bp	FALSE	TRUE	poly(A)	TRUE	TRUE	GENCORD	UCB1183_120229_3_sorted.bam	EGAF00000187348
UCB1184	UC1184	female	LCL	naive	0	50bp	FALSE	TRUE	poly(A)	TRUE	TRUE	GENCORD	UCB1184_120202_4_sorted.bam	EGAF00000187349
UCB1185	UC1185	male	LCL	naive	0	50bp	FALSE	TRUE	poly(A)	TRUE	TRUE	GENCORD	UCB1185_120224_2_sorted.bam	EGAF00000187350
UCB1186	UC1186	male	LCL	naive	0	50bp	FALSE	TRUE	poly(A)	TRUE	TRUE	GENCORD	UCB1186_120229_1_sorted.bam	EGAF00000187351
UCB1187	UC1187	male	LCL	naive	0	50bp	FALSE	TRUE	poly(A)	TRUE	TRUE	GENCORD	UCB1187_120224_5_sorted.bam	EGAF00000187352
UCB1188	UC1188	male	LCL	naive	0	50bp	FALSE	TRUE	poly(A)	TRUE	TRUE	GENCORD	UCB1188_120202_4_sorted.bam	EGAF00000187353
UCB1189	UC1189	male	LCL	naive	0	50bp	FALSE	TRUE	poly(A)	TRUE	TRUE	GENCORD	UCB1189_120224_6_sorted.bam	EGAF00000187354
UCB1190	UC1190	male	LCL	naive	0	50bp	FALSE	TRUE	poly(A)	TRUE	TRUE	GENCORD	UCB1190_120224_2_sorted.bam	EGAF00000187355
UCB1191	UC1191	female	LCL	naive	0	50bp	FALSE	TRUE	poly(A)	TRUE	TRUE	GENCORD	UCB1191_120202_3_sorted.bam	EGAF00000187356
UCB1192	UC1192	male	LCL	naive	0	50bp	FALSE	TRUE	poly(A)	TRUE	TRUE	GENCORD	UCB1192_120224_6_sorted.bam	EGAF00000187357
UCB1193	UC1193	female	LCL	naive	0	50bp	FALSE	TRUE	poly(A)	FALSE	FALSE	GENCORD	UCB1193_120229_5_sorted.bam	EGAF00000187358
UCB1194	UC1194	female	LCL	naive	0	50bp	FALSE	TRUE	poly(A)	TRUE	TRUE	GENCORD	UCB1194_120229_7_sorted.bam	EGAF00000187359
UCB1195	UC1195	female	LCL	naive	0	50bp	FALSE	TRUE	poly(A)	TRUE	TRUE	GENCORD	UCB1195_120202_6_sorted.bam	EGAF00000187360
UCB1196	UC1196	female	LCL	naive	0	50bp	FALSE	TRUE	poly(A)	TRUE	TRUE	GENCORD	UCB1196_120229_6_sorted.bam	EGAF00000187361
UCB1198	UC1198	female	LCL	naive	0	50bp	FALSE	TRUE	poly(A)	TRUE	TRUE	GENCORD	UCB1198_120229_3_sorted.bam	EGAF00000187362
UCB1199	UC1199	female	LCL	naive	0	50bp	FALSE	TRUE	poly(A)	TRUE	TRUE	GENCORD	UCB1199_120224_4_sorted.bam	EGAF00000187363
UCB1200	UC1200	male	LCL	naive	0	50bp	FALSE	TRUE	poly(A)	TRUE	TRUE	GENCORD	UCB1200_120224_5_sorted.bam	EGAF00000187364
UCB1201	UC1201	male	LCL	naive	0	50bp	FALSE	TRUE	poly(A)	TRUE	TRUE	GENCORD	UCB1201_120224_8_sorted.bam	EGAF00000187365
UCB1203	UC1203	male	LCL	naive	0	50bp	FALSE	TRUE	poly(A)	TRUE	TRUE	GENCORD	UCB1203_120224_3_sorted.bam	EGAF00000187366
UCB1205	UC1205	male	LCL	naive	0	50bp	FALSE	TRUE	poly(A)	TRUE	TRUE	GENCORD	UCB1205_120229_1_sorted.bam	EGAF00000187367
UCB1206	UC1206	male	LCL	naive	0	50bp	FALSE	TRUE	poly(A)	TRUE	TRUE	GENCORD	UCB1206_120224_8_sorted.bam	EGAF00000187368
UCB1207	UC1207	female	LCL	naive	0	50bp	FALSE	TRUE	poly(A)	TRUE	TRUE	GENCORD	UCB1207_120224_7_sorted.bam	EGAF00000187369
UCB1208	UC1208	male	LCL	naive	0	50bp	FALSE	TRUE	poly(A)	TRUE	TRUE	GENCORD	UCB1208_120229_4_sorted.bam	EGAF00000187370
UCB1210	UC1210	male	LCL	naive	0	50bp	FALSE	TRUE	poly(A)	TRUE	TRUE	GENCORD	UCB1210_120229_6_sorted.bam	EGAF00000187371
UCB1211	UC1211	female	LCL	naive	0	50bp	FALSE	TRUE	poly(A)	TRUE	TRUE	GENCORD	UCB1211_120224_3_sorted.bam	EGAF00000187372
UCB1212	UC1212	male	LCL	naive	0	50bp	FALSE	TRUE	poly(A)	TRUE	TRUE	GENCORD	UCB1212_120229_5_sorted.bam	EGAF00000187373
UCB1215	UC1215	female	LCL	naive	0	50bp	FALSE	TRUE	poly(A)	TRUE	TRUE	GENCORD	UCB1215_120224_4_sorted.bam	EGAF00000187374
UCB1216	UC1216	female	LCL	naive	0	50bp	FALSE	TRUE	poly(A)	TRUE	TRUE	GENCORD	UCB1216_120224_6_sorted.bam	EGAF00000187375
UCB1217	UC1217	female	LCL	naive	0	50bp	FALSE	TRUE	poly(A)	TRUE	TRUE	GENCORD	UCB1217_120224_4_sorted.bam	EGAF00000187376
UCB1218	UC1218	male	LCL	naive	0	50bp	FALSE	TRUE	poly(A)	TRUE	TRUE	GENCORD	UCB1218_120202_1_sorted.bam	EGAF00000187377
UCB122	UC122	male	LCL	naive	0	50bp	FALSE	TRUE	poly(A)	TRUE	TRUE	GENCORD	UC122L_110221_2_sorted.bam	EGAF00000187163
UCB124	UC124	female	LCL	naive	0	50bp	FALSE	TRUE	poly(A)	TRUE	TRUE	GENCORD	UC124L_110221_6_sorted.bam	EGAF00000187166
UCB125	UC125	female	LCL	naive	0	50bp	FALSE	TRUE	poly(A)	TRUE	TRUE	GENCORD	UC125L_110221_3_sorted.bam	EGAF00000187168
UCB130	UC130	female	LCL	naive	0	50bp	FALSE	TRUE	poly(A)	TRUE	TRUE	GENCORD	UC130L_100930_7_sorted.bam	EGAF00000187171
UCB137	UC137	female	LCL	naive	0	50bp	FALSE	TRUE	poly(A)	TRUE	TRUE	GENCORD	UC137L_110204_8_sorted.bam	EGAF00000187174
UCB139	UC139	male	LCL	naive	0	50bp	FALSE	TRUE	poly(A)	TRUE	TRUE	GENCORD	UC139L_101014_1_sorted.bam	EGAF00000187177
UCB141	UC141	male	LCL	naive	0	50bp	FALSE	TRUE	poly(A)	TRUE	TRUE	GENCORD	UC141L_110413_1_sorted.bam	EGAF00000187179
UCB144	UC144	male	LCL	naive	0	50bp	FALSE	TRUE	poly(A)	TRUE	TRUE	GENCORD	UC144L_110204_1_sorted.bam	EGAF00000187182
UCB152	UC152	female	LCL	naive	0	50bp	FALSE	TRUE	poly(A)	TRUE	TRUE	GENCORD	UC152L_101014_2_sorted.bam	EGAF00000187185
UCB164	UC164	female	LCL	naive	0	50bp	FALSE	TRUE	poly(A)	TRUE	TRUE	GENCORD	UC164L_101014_5_sorted.bam	EGAF00000187188
UCB167	UC167	female	LCL	naive	0	50bp	FALSE	TRUE	poly(A)	TRUE	TRUE	GENCORD	UC167L_110204_2_sorted.bam	EGAF00000187191
UCB169	UC169	female	LCL	naive	0	50bp	FALSE	TRUE	poly(A)	TRUE	TRUE	GENCORD	UC169L_101014_6_sorted.bam	EGAF00000187194
UCB177	UC177	female	LCL	naive	0	50bp	FALSE	TRUE	poly(A)	TRUE	TRUE	GENCORD	UC177L_101014_7_sorted.bam	EGAF00000187197
UCB181	UC181	female	LCL	naive	0	50bp	FALSE	TRUE	poly(A)	TRUE	TRUE	GENCORD	UC181L_101014_8_sorted.bam	EGAF00000187200
UCB183	UC183	male	LCL	naive	0	50bp	FALSE	TRUE	poly(A)	TRUE	TRUE	GENCORD	UC183L_110413_5_sorted.bam	EGAF00000187203
UCB188	UC188	female	LCL	naive	0	50bp	FALSE	TRUE	poly(A)	TRUE	TRUE	GENCORD	UC188L_110204_4_sorted.bam	EGAF00000187206
UCB223	UC223	male	LCL	naive	0	50bp	FALSE	TRUE	poly(A)	TRUE	TRUE	GENCORD	UC223L_101108_1_sorted.bam	EGAF00000187209
UCB225	UC225	male	LCL	naive	0	50bp	FALSE	TRUE	poly(A)	TRUE	TRUE	GENCORD	UC225L_101108_2_sorted.bam	EGAF00000187211
UCB226	UC226	female	LCL	naive	0	50bp	FALSE	TRUE	poly(A)	TRUE	TRUE	GENCORD	UC226L_110218_2_sorted.bam	EGAF00000187213
UCB227	UC227	male	LCL	naive	0	50bp	FALSE	TRUE	poly(A)	TRUE	TRUE	GENCORD	UC227L_110204_5_sorted.bam	EGAF00000187216
UCB251	UC251	male	LCL	naive	0	50bp	FALSE	TRUE	poly(A)	TRUE	TRUE	GENCORD	UC251L_101108_5_sorted.bam	EGAF00000187219
UCB253	UC253	female	LCL	naive	0	50bp	FALSE	TRUE	poly(A)	TRUE	TRUE	GENCORD	UC253L_101108_6_sorted.bam	EGAF00000187222
UCB255	UC255	male	LCL	naive	0	50bp	FALSE	TRUE	poly(A)	TRUE	TRUE	GENCORD	UC255L_110204_6_sorted.bam	EGAF00000187225
UCB277	UC277	male	LCL	naive	0	50bp	FALSE	TRUE	poly(A)	TRUE	TRUE	GENCORD	UC277L_110204_6_sorted.bam	EGAF00000187228
UCB282	UC282	female	LCL	naive	0	50bp	FALSE	TRUE	poly(A)	TRUE	TRUE	GENCORD	UC282L_110204_7_sorted.bam	EGAF00000187231
UCB285	UC285	male	LCL	naive	0	50bp	FALSE	TRUE	poly(A)	TRUE	TRUE	GENCORD	UC285L_110304_7_sorted.bam	EGAF00000187234
UCB304	UC304	female	LCL	naive	0	50bp	FALSE	TRUE	poly(A)	TRUE	TRUE	GENCORD	UC304L_110204_1_sorted.bam	EGAF00000187237
UCF018	UC018	female	fibroblast	naive	0	50bp	FALSE	TRUE	poly(A)	TRUE	TRUE	GENCORD	UC018F_110204_2_sorted.bam	EGAF00000187088
UCF025	UC025	female	fibroblast	naive	0	50bp	FALSE	TRUE	poly(A)	TRUE	TRUE	GENCORD	UC025F_110413_2_sorted.bam	EGAF00000187095
UCF034	UC034	female	fibroblast	naive	0	50bp	FALSE	TRUE	poly(A)	TRUE	TRUE	GENCORD	UC034F_110204_1_sorted.bam	EGAF00000187098
UCF042	UC042	female	fibroblast	naive	0	50bp	FALSE	TRUE	poly(A)	TRUE	TRUE	GENCORD	UC042F_100930_2_sorted.bam	EGAF00000187100
UCF048	UC048	female	fibroblast	naive	0	50bp	FALSE	TRUE	poly(A)	TRUE	TRUE	GENCORD	UC048F_110413_6_sorted.bam	EGAF00000187103
UCF049	UC049	male	fibroblast	naive	0	50bp	FALSE	TRUE	poly(A)	TRUE	TRUE	GENCORD	UC049F_110204_2_sorted.bam	EGAF00000187106
UCF050	UC050	male	fibroblast	naive	0	50bp	FALSE	TRUE	poly(A)	TRUE	TRUE	GENCORD	UC050F_110413_2_sorted.bam	EGAF00000187109
UCF051	UC051	male	fibroblast	naive	0	50bp	FALSE	TRUE	poly(A)	TRUE	TRUE	GENCORD	UC051F_110204_4_sorted.bam	EGAF00000187112
UCF060	UC060	female	fibroblast	naive	0	50bp	FALSE	TRUE	poly(A)	TRUE	TRUE	GENCORD	UC060F_110204_5_sorted.bam	EGAF00000187115
UCF062	UC062	male	fibroblast	naive	0	50bp	FALSE	TRUE	poly(A)	TRUE	TRUE	GENCORD	UC062F_100930_3_sorted.bam	EGAF00000187118
UCF078	UC078	male	fibroblast	naive	0	50bp	FALSE	TRUE	poly(A)	TRUE	TRUE	GENCORD	UC078F_110204_6_sorted.bam	EGAF00000187120
UCF079	UC079	female	fibroblast	naive	0	50bp	FALSE	TRUE	poly(A)	TRUE	TRUE	GENCORD	UC079F_110304_7_sorted.bam	EGAF00000187123
UCF086	UC086	female	fibroblast	naive	0	50bp	FALSE	TRUE	poly(A)	TRUE	TRUE	GENCORD	UC086F_110204_7_sorted.bam	EGAF00000187125
UCF088	UC088	female	fibroblast	naive	0	50bp	FALSE	TRUE	poly(A)	TRUE	TRUE	GENCORD	UC088F_110204_1_sorted.bam	EGAF00000187129
UCF093	UC093	male	fibroblast	naive	0	50bp	FALSE	TRUE	poly(A)	TRUE	TRUE	GENCORD	UC093F_101108_8_sorted.bam	EGAF00000187132
UCF1001	UC1001	female	fibroblast	naive	0	50bp	FALSE	TRUE	poly(A)	TRUE	TRUE	GENCORD	UCF1001_120229_2_sorted.bam	EGAF00000187378
UCF1007	UC1007	female	fibroblast	naive	0	50bp	FALSE	TRUE	poly(A)	TRUE	TRUE	GENCORD	UCF1007_120224_5_sorted.bam	EGAF00000187379
UCF100	UC100	female	fibroblast	naive	0	50bp	FALSE	TRUE	poly(A)	TRUE	TRUE	GENCORD	UC100F_110413_6_sorted.bam	EGAF00000187135
UCF1010	UC1010	female	fibroblast	naive	0	50bp	FALSE	TRUE	poly(A)	TRUE	TRUE	GENCORD	UCF1010_120229_8_sorted.bam	EGAF00000187380
UCF1011	UC1011	male	fibroblast	naive	0	50bp	FALSE	TRUE	poly(A)	TRUE	TRUE	GENCORD	UCF1011_120229_1_sorted.bam	EGAF00000187381
UCF1012	UC1012	male	fibroblast	naive	0	50bp	FALSE	TRUE	poly(A)	TRUE	TRUE	GENCORD	UCF1012_120224_2_sorted.bam	EGAF00000187382
UCF1013	UC1013	male	fibroblast	naive	0	50bp	FALSE	TRUE	poly(A)	TRUE	TRUE	GENCORD	UCF1013_120224_8_sorted.bam	EGAF00000187383
UCF1014	UC1014	female	fibroblast	naive	0	50bp	FALSE	TRUE	poly(A)	TRUE	TRUE	GENCORD	UCF1014_120229_4_sorted.bam	EGAF00000187384
UCF1016	UC1016	female	fibroblast	naive	0	50bp	FALSE	TRUE	poly(A)	TRUE	TRUE	GENCORD	UCF1016_120202_1_sorted.bam	EGAF00000187385
UCF1021	UC1021	female	fibroblast	naive	0	50bp	FALSE	TRUE	poly(A)	TRUE	TRUE	GENCORD	UCF1021_120229_3_sorted.bam	EGAF00000187386
UCF1023	UC1023	female	fibroblast	naive	0	50bp	FALSE	TRUE	poly(A)	TRUE	TRUE	GENCORD	UCF1023_120229_2_sorted.bam	EGAF00000187387
UCF1024	UC1024	male	fibroblast	naive	0	50bp	FALSE	TRUE	poly(A)	TRUE	TRUE	GENCORD	UCF1024_120229_7_sorted.bam	EGAF00000187388
UCF1025	UC1025	male	fibroblast	naive	0	50bp	FALSE	TRUE	poly(A)	TRUE	TRUE	GENCORD	UCF1025_120224_6_sorted.bam	EGAF00000187389
UCF1027	UC1027	female	fibroblast	naive	0	50bp	FALSE	TRUE	poly(A)	TRUE	TRUE	GENCORD	UCF1027_120229_6_sorted.bam	EGAF00000187390
UCF1028	UC1028	male	fibroblast	naive	0	50bp	FALSE	TRUE	poly(A)	TRUE	TRUE	GENCORD	UCF1028_120229_7_sorted.bam	EGAF00000187391
UCF1029	UC1029	male	fibroblast	naive	0	50bp	FALSE	TRUE	poly(A)	TRUE	TRUE	GENCORD	UCF1029_120224_7_sorted.bam	EGAF00000187392
UCF1030	UC1030	male	fibroblast	naive	0	50bp	FALSE	TRUE	poly(A)	TRUE	TRUE	GENCORD	UCF1030_120202_2_sorted.bam	EGAF00000187393
UCF103	UC103	male	fibroblast	naive	0	50bp	FALSE	TRUE	poly(A)	TRUE	TRUE	GENCORD	UC103F_100930_5_sorted.bam	EGAF00000187138
UCF1040	UC1040	female	fibroblast	naive	0	50bp	FALSE	TRUE	poly(A)	TRUE	TRUE	GENCORD	UCF1040_120224_6_sorted.bam	EGAF00000187394
UCF1045	UC1045	female	fibroblast	naive	0	50bp	FALSE	TRUE	poly(A)	TRUE	TRUE	GENCORD	UCF1045_120202_6_sorted.bam	EGAF00000187395
UCF1046	UC1046	male	fibroblast	naive	0	50bp	FALSE	TRUE	poly(A)	TRUE	TRUE	GENCORD	UCF1046_120229_4_sorted.bam	EGAF00000187396
UCF1047	UC1047	female	fibroblast	naive	0	50bp	FALSE	TRUE	poly(A)	TRUE	TRUE	GENCORD	UCF1047_120229_3_sorted.bam	EGAF00000187397
UCF1048	UC1048	male	fibroblast	naive	0	50bp	FALSE	TRUE	poly(A)	TRUE	TRUE	GENCORD	UCF1048_120202_3_sorted.bam	EGAF00000187398
UCF1052	UC1052	female	fibroblast	naive	0	50bp	FALSE	TRUE	poly(A)	TRUE	TRUE	GENCORD	UCF1052_120229_5_sorted.bam	EGAF00000187399
UCF1053	UC1053	female	fibroblast	naive	0	50bp	FALSE	TRUE	poly(A)	TRUE	TRUE	GENCORD	UCF1053_120229_8_sorted.bam	EGAF00000187400
UCF1055	UC1055	male	fibroblast	naive	0	50bp	FALSE	TRUE	poly(A)	TRUE	TRUE	GENCORD	UCF1055_120202_3_sorted.bam	EGAF00000187401
UCF1056	UC1056	female	fibroblast	naive	0	50bp	FALSE	TRUE	poly(A)	TRUE	TRUE	GENCORD	UCF1056_120229_7_sorted.bam	EGAF00000187402
UCF1057	UC1057	female	fibroblast	naive	0	50bp	FALSE	TRUE	poly(A)	TRUE	TRUE	GENCORD	UCF1057_120224_5_sorted.bam	EGAF00000187403
UCF1059	UC1059	female	fibroblast	naive	0	50bp	FALSE	TRUE	poly(A)	TRUE	TRUE	GENCORD	UCF1059_120202_6_sorted.bam	EGAF00000187405
UCF105	UC105	male	fibroblast	naive	0	50bp	FALSE	TRUE	poly(A)	TRUE	TRUE	GENCORD	UC105F_110204_2_sorted.bam	EGAF00000187141
UCF1061	UC1061	male	fibroblast	naive	0	50bp	FALSE	TRUE	poly(A)	TRUE	TRUE	GENCORD	UCF1061_120229_1_sorted.bam	EGAF00000187406
UCF1062	UC1062	male	fibroblast	naive	0	50bp	FALSE	TRUE	poly(A)	TRUE	TRUE	GENCORD	UCF1062_120202_4_sorted.bam	EGAF00000187407
UCF1064	UC1064	male	fibroblast	naive	0	50bp	FALSE	TRUE	poly(A)	TRUE	TRUE	GENCORD	UCF1064_120224_2_sorted.bam	EGAF00000187408
UCF1067	UC1067	male	fibroblast	naive	0	50bp	FALSE	TRUE	poly(A)	TRUE	TRUE	GENCORD	UCF1067_120229_2_sorted.bam	EGAF00000187409
UCF1068	UC1068	male	fibroblast	naive	0	50bp	FALSE	TRUE	poly(A)	TRUE	TRUE	GENCORD	UCF1068_120224_1_sorted.bam	EGAF00000187410
UCF1069	UC1069	female	fibroblast	naive	0	50bp	FALSE	TRUE	poly(A)	TRUE	TRUE	GENCORD	UCF1069_120224_1_sorted.bam	EGAF00000187411
UCF1070	UC1070	female	fibroblast	naive	0	50bp	FALSE	TRUE	poly(A)	TRUE	TRUE	GENCORD	UCF1070_120229_5_sorted.bam	EGAF00000187412
UCF1071	UC1071	female	fibroblast	naive	0	50bp	FALSE	TRUE	poly(A)	TRUE	TRUE	GENCORD	UCF1071_120224_2_sorted.bam	EGAF00000187413
UCF1072	UC1072	male	fibroblast	naive	0	50bp	FALSE	TRUE	poly(A)	TRUE	TRUE	GENCORD	UCF1072_120224_6_sorted.bam	EGAF00000187414
UCF1073	UC1073	male	fibroblast	naive	0	50bp	FALSE	TRUE	poly(A)	TRUE	TRUE	GENCORD	UCF1073_120229_7_sorted.bam	EGAF00000187415
UCF1074	UC1074	female	fibroblast	naive	0	50bp	FALSE	TRUE	poly(A)	TRUE	TRUE	GENCORD	UCF1074_120229_3_sorted.bam	EGAF00000187416
UCF1075	UC1075	male	fibroblast	naive	0	50bp	FALSE	TRUE	poly(A)	TRUE	TRUE	GENCORD	UCF1075_120229_5_sorted.bam	EGAF00000187417
UCF1076	UC1076	female	fibroblast	naive	0	50bp	FALSE	TRUE	poly(A)	TRUE	TRUE	GENCORD	UCF1076_120202_2_sorted.bam	EGAF00000187418
UCF1077	UC1077	male	fibroblast	naive	0	50bp	FALSE	TRUE	poly(A)	TRUE	TRUE	GENCORD	UCF1077_120224_8_sorted.bam	EGAF00000187419
UCF1078	UC1078	male	fibroblast	naive	0	50bp	FALSE	TRUE	poly(A)	TRUE	TRUE	GENCORD	UCF1078_120224_3_sorted.bam	EGAF00000187420
UCF1079	UC1079	male	fibroblast	naive	0	50bp	FALSE	TRUE	poly(A)	TRUE	TRUE	GENCORD	UCF1079_120229_6_sorted.bam	EGAF00000187421
UCF1080	UC1080	male	fibroblast	naive	0	50bp	FALSE	TRUE	poly(A)	TRUE	TRUE	GENCORD	UCF1080_120229_6_sorted.bam	EGAF00000187422
UCF1083	UC1083	female	fibroblast	naive	0	50bp	FALSE	TRUE	poly(A)	TRUE	TRUE	GENCORD	UCF1083_120229_1_sorted.bam	EGAF00000187423
UCF1085	UC1085	male	fibroblast	naive	0	50bp	FALSE	TRUE	poly(A)	TRUE	TRUE	GENCORD	UCF1085_120229_8_sorted.bam	EGAF00000187424
UCF1086	UC1086	male	fibroblast	naive	0	50bp	FALSE	TRUE	poly(A)	TRUE	TRUE	GENCORD	UCF1086_120229_3_sorted.bam	EGAF00000187425
UCF1087	UC1087	male	fibroblast	naive	0	50bp	FALSE	TRUE	poly(A)	TRUE	TRUE	GENCORD	UCF1087_120202_4_sorted.bam	EGAF00000187426
UCF1088	UC1088	female	fibroblast	naive	0	50bp	FALSE	TRUE	poly(A)	TRUE	TRUE	GENCORD	UCF1088_120229_2_sorted.bam	EGAF00000187427
UCF1089	UC1089	male	fibroblast	naive	0	50bp	FALSE	TRUE	poly(A)	TRUE	TRUE	GENCORD	UCF1089_120315_7_sorted.bam	EGAF00000187428
UCF108	UC108	female	fibroblast	naive	0	50bp	FALSE	TRUE	poly(A)	TRUE	TRUE	GENCORD	UC108F_110204_3_sorted.bam	EGAF00000187144
UCF1090	UC1090	male	fibroblast	naive	0	50bp	FALSE	TRUE	poly(A)	TRUE	TRUE	GENCORD	UCF1090_120224_2_sorted.bam	EGAF00000187429
UCF1091	UC1091	female	fibroblast	naive	0	50bp	FALSE	TRUE	poly(A)	TRUE	TRUE	GENCORD	UCF1091_120229_2_sorted.bam	EGAF00000187430
UCF1092	UC1092	female	fibroblast	naive	0	50bp	FALSE	TRUE	poly(A)	TRUE	TRUE	GENCORD	UCF1092_120229_6_sorted.bam	EGAF00000187431
UCF1094	UC1094	female	fibroblast	naive	0	50bp	FALSE	TRUE	poly(A)	TRUE	TRUE	GENCORD	UCF1094_120229_8_sorted.bam	EGAF00000187432
UCF1096	UC1096	male	fibroblast	naive	0	50bp	FALSE	TRUE	poly(A)	TRUE	TRUE	GENCORD	UCF1096_120229_5_sorted.bam	EGAF00000187433
UCF1097	UC1097	male	fibroblast	naive	0	50bp	FALSE	TRUE	poly(A)	TRUE	TRUE	GENCORD	UCF1097_120224_7_sorted.bam	EGAF00000187434
UCF1098	UC1098	male	fibroblast	naive	0	50bp	FALSE	TRUE	poly(A)	TRUE	TRUE	GENCORD	UCF1098_120224_7_sorted.bam	EGAF00000187435
UCF1099	UC1099	female	fibroblast	naive	0	50bp	FALSE	TRUE	poly(A)	TRUE	TRUE	GENCORD	UCF1099_120224_1_sorted.bam	EGAF00000187436
UCF1100	UC1100	male	fibroblast	naive	0	50bp	FALSE	TRUE	poly(A)	TRUE	TRUE	GENCORD	UCF1100_120224_4_sorted.bam	EGAF00000187437
UCF1101	UC1101	male	fibroblast	naive	0	50bp	FALSE	TRUE	poly(A)	TRUE	TRUE	GENCORD	UCF1101_120202_2_sorted.bam	EGAF00000187438
UCF1102	UC1102	female	fibroblast	naive	0	50bp	FALSE	TRUE	poly(A)	TRUE	TRUE	GENCORD	UCF1102_120202_6_sorted.bam	EGAF00000187439
UCF1103	UC1103	male	fibroblast	naive	0	50bp	FALSE	TRUE	poly(A)	TRUE	TRUE	GENCORD	UCF1103_120229_2_sorted.bam	EGAF00000187440
UCF1104	UC1104	male	fibroblast	naive	0	50bp	FALSE	TRUE	poly(A)	TRUE	TRUE	GENCORD	UCF1104_120229_5_sorted.bam	EGAF00000187441
UCF1105	UC1105	male	fibroblast	naive	0	50bp	FALSE	TRUE	poly(A)	TRUE	TRUE	GENCORD	UCF1105_120224_7_sorted.bam	EGAF00000187442
UCF1106	UC1106	female	fibroblast	naive	0	50bp	FALSE	TRUE	poly(A)	TRUE	TRUE	GENCORD	UCF1106_120224_5_sorted.bam	EGAF00000187443
UCF1107	UC1107	male	fibroblast	naive	0	50bp	FALSE	TRUE	poly(A)	TRUE	TRUE	GENCORD	UCF1107_120224_7_sorted.bam	EGAF00000187444
UCF1108	UC1108	male	fibroblast	naive	0	50bp	FALSE	TRUE	poly(A)	TRUE	TRUE	GENCORD	UCF1108_120229_1_sorted.bam	EGAF00000187445
UCF1109	UC1109	male	fibroblast	naive	0	50bp	FALSE	TRUE	poly(A)	TRUE	TRUE	GENCORD	UCF1109_120202_5_sorted.bam	EGAF00000187446
UCF110	UC110	male	fibroblast	naive	0	50bp	FALSE	TRUE	poly(A)	TRUE	TRUE	GENCORD	UC110F_100930_6_sorted.bam	EGAF00000187146
UCF1112	UC1112	male	fibroblast	naive	0	50bp	FALSE	TRUE	poly(A)	TRUE	TRUE	GENCORD	UCF1112_120224_3_sorted.bam	EGAF00000187447
UCF1113	UC1113	male	fibroblast	naive	0	50bp	FALSE	TRUE	poly(A)	TRUE	TRUE	GENCORD	UCF1113_120224_1_sorted.bam	EGAF00000187448
UCF1115	UC1115	male	fibroblast	naive	0	50bp	FALSE	TRUE	poly(A)	TRUE	TRUE	GENCORD	UCF1115_120202_2_sorted.bam	EGAF00000187449
UCF1116	UC1116	male	fibroblast	naive	0	50bp	FALSE	TRUE	poly(A)	TRUE	TRUE	GENCORD	UCF1116_120229_1_sorted.bam	EGAF00000187450
UCF1117	UC1117	female	fibroblast	naive	0	50bp	FALSE	TRUE	poly(A)	TRUE	TRUE	GENCORD	UCF1117_120224_5_sorted.bam	EGAF00000187451
UCF1119	UC1119	female	fibroblast	naive	0	50bp	FALSE	TRUE	poly(A)	FALSE	FALSE	GENCORD	UCF1119_120229_3_sorted.bam	EGAF00000187452
UCF1120	UC1120	male	fibroblast	naive	0	50bp	FALSE	TRUE	poly(A)	TRUE	TRUE	GENCORD	UCF1120_120202_6_sorted.bam	EGAF00000187453
UCF1123	UC1123	male	fibroblast	naive	0	50bp	FALSE	TRUE	poly(A)	TRUE	TRUE	GENCORD	UCF1123_120224_8_sorted.bam	EGAF00000187454
UCF1124	UC1124	male	fibroblast	naive	0	50bp	FALSE	TRUE	poly(A)	TRUE	TRUE	GENCORD	UCF1124_120229_3_sorted.bam	EGAF00000187455
UCF1125	UC1125	male	fibroblast	naive	0	50bp	FALSE	TRUE	poly(A)	TRUE	TRUE	GENCORD	UCF1125_120202_3_sorted.bam	EGAF00000187456
UCF1126	UC1126	female	fibroblast	naive	0	50bp	FALSE	TRUE	poly(A)	TRUE	TRUE	GENCORD	UCF1126_120202_8_sorted.bam	EGAF00000187457
UCF1128	UC1128	female	fibroblast	naive	0	50bp	FALSE	TRUE	poly(A)	TRUE	TRUE	GENCORD	UCF1128_120202_8_sorted.bam	EGAF00000187458
UCF1129	UC1129	male	fibroblast	naive	0	50bp	FALSE	TRUE	poly(A)	TRUE	TRUE	GENCORD	UCF1129_120229_8_sorted.bam	EGAF00000187459
UCF1130	UC1130	male	fibroblast	naive	0	50bp	FALSE	TRUE	poly(A)	TRUE	TRUE	GENCORD	UCF1130_120224_6_sorted.bam	EGAF00000187460
UCF1131	UC1131	female	fibroblast	naive	0	50bp	FALSE	TRUE	poly(A)	TRUE	TRUE	GENCORD	UCF1131_120202_2_sorted.bam	EGAF00000187461
UCF1135	UC1135	female	fibroblast	naive	0	50bp	FALSE	TRUE	poly(A)	TRUE	TRUE	GENCORD	UCF1135_120202_8_sorted.bam	EGAF00000187462
UCF1136	UC1136	female	fibroblast	naive	0	50bp	FALSE	TRUE	poly(A)	TRUE	TRUE	GENCORD	UCF1136_120229_4_sorted.bam	EGAF00000187463
UCF1137	UC1137	male	fibroblast	naive	0	50bp	FALSE	TRUE	poly(A)	TRUE	TRUE	GENCORD	UCF1137_120202_8_sorted.bam	EGAF00000187464
UCF1139	UC1139	female	fibroblast	naive	0	50bp	FALSE	TRUE	poly(A)	TRUE	TRUE	GENCORD	UCF1139_120224_1_sorted.bam	EGAF00000187465
UCF113	UC113	female	fibroblast	naive	0	50bp	FALSE	TRUE	poly(A)	TRUE	TRUE	GENCORD	UC113F_110204_5_sorted.bam	EGAF00000187149
UCF1143	UC1143	male	fibroblast	naive	0	50bp	FALSE	TRUE	poly(A)	TRUE	TRUE	GENCORD	UCF1143_120229_1_sorted.bam	EGAF00000187466
UCF1146	UC1146	female	fibroblast	naive	0	50bp	FALSE	TRUE	poly(A)	TRUE	TRUE	GENCORD	UCF1146_120202_6_sorted.bam	EGAF00000187467
UCF1148	UC1148	female	fibroblast	naive	0	50bp	FALSE	TRUE	poly(A)	TRUE	TRUE	GENCORD	UCF1148_120224_6_sorted.bam	EGAF00000187468
UCF114	UC114	male	fibroblast	naive	0	50bp	FALSE	TRUE	poly(A)	TRUE	TRUE	GENCORD	UC114F_110204_6_sorted.bam	EGAF00000187152
UCF1156	UC1156	male	fibroblast	naive	0	50bp	FALSE	TRUE	poly(A)	TRUE	TRUE	GENCORD	UCF1156_120224_6_sorted.bam	EGAF00000187469
UCF1159	UC1159	male	fibroblast	naive	0	50bp	FALSE	TRUE	poly(A)	TRUE	TRUE	GENCORD	UCF1159_120224_6_sorted.bam	EGAF00000187470
UCF115	UC115	male	fibroblast	naive	0	50bp	FALSE	TRUE	poly(A)	TRUE	TRUE	GENCORD	UC115F_110218_2_sorted.bam	EGAF00000187155
UCF1160	UC1160	female	fibroblast	naive	0	50bp	FALSE	TRUE	poly(A)	TRUE	TRUE	GENCORD	UCF1160_120202_3_sorted.bam	EGAF00000187471
UCF1161	UC1161	female	fibroblast	naive	0	50bp	FALSE	TRUE	poly(A)	TRUE	TRUE	GENCORD	UCF1161_120229_2_sorted.bam	EGAF00000187472
UCF1163	UC1163	male	fibroblast	naive	0	50bp	FALSE	TRUE	poly(A)	TRUE	TRUE	GENCORD	UCF1163_120202_7_sorted.bam	EGAF00000187473
UCF1164	UC1164	female	fibroblast	naive	0	50bp	FALSE	TRUE	poly(A)	TRUE	TRUE	GENCORD	UCF1164_120229_5_sorted.bam	EGAF00000187474
UCF1167	UC1167	female	fibroblast	naive	0	50bp	FALSE	TRUE	poly(A)	TRUE	TRUE	GENCORD	UCF1167_120229_6_sorted.bam	EGAF00000187475
UCF1168	UC1168	female	fibroblast	naive	0	50bp	FALSE	TRUE	poly(A)	TRUE	TRUE	GENCORD	UCF1168_120202_4_sorted.bam	EGAF00000187476
UCF1169	UC1169	male	fibroblast	naive	0	50bp	FALSE	TRUE	poly(A)	TRUE	TRUE	GENCORD	UCF1169_120224_2_sorted.bam	EGAF00000187477
UCF116	UC116	male	fibroblast	naive	0	50bp	FALSE	TRUE	poly(A)	TRUE	TRUE	GENCORD	UC116F_110221_6_sorted.bam	EGAF00000187157
UCF1170	UC1170	male	fibroblast	naive	0	50bp	FALSE	TRUE	poly(A)	TRUE	TRUE	GENCORD	UCF1170_120229_7_sorted.bam	EGAF00000187478
UCF1171	UC1171	female	fibroblast	naive	0	50bp	FALSE	TRUE	poly(A)	TRUE	TRUE	GENCORD	UCF1171_120202_4_sorted.bam	EGAF00000187479
UCF1174	UC1174	male	fibroblast	naive	0	50bp	FALSE	TRUE	poly(A)	TRUE	TRUE	GENCORD	UCF1174_120229_4_sorted.bam	EGAF00000187480
UCF1175	UC1175	female	fibroblast	naive	0	50bp	FALSE	TRUE	poly(A)	TRUE	TRUE	GENCORD	UCF1175_120224_4_sorted.bam	EGAF00000187481
UCF1176	UC1176	male	fibroblast	naive	0	50bp	FALSE	TRUE	poly(A)	TRUE	TRUE	GENCORD	UCF1176_120202_3_sorted.bam	EGAF00000187482
UCF1178	UC1178	male	fibroblast	naive	0	50bp	FALSE	TRUE	poly(A)	TRUE	TRUE	GENCORD	UCF1178_120224_8_sorted.bam	EGAF00000187483
UCF1179	UC1179	female	fibroblast	naive	0	50bp	FALSE	TRUE	poly(A)	TRUE	TRUE	GENCORD	UCF1179_120229_6_sorted.bam	EGAF00000187484
UCF117	UC117	female	fibroblast	naive	0	50bp	FALSE	TRUE	poly(A)	TRUE	TRUE	GENCORD	UC117F_110204_8_sorted.bam	EGAF00000187159
UCF1180	UC1180	female	fibroblast	naive	0	50bp	FALSE	TRUE	poly(A)	TRUE	TRUE	GENCORD	UCF1180_120202_5_sorted.bam	EGAF00000187485
UCF1181	UC1181	male	fibroblast	naive	0	50bp	FALSE	TRUE	poly(A)	TRUE	TRUE	GENCORD	UCF1181_120229_6_sorted.bam	EGAF00000187486
UCF1182	UC1182	male	fibroblast	naive	0	50bp	FALSE	TRUE	poly(A)	TRUE	TRUE	GENCORD	UCF1182_120224_5_sorted.bam	EGAF00000187487
UCF1183	UC1183	female	fibroblast	naive	0	50bp	FALSE	TRUE	poly(A)	FALSE	FALSE	GENCORD	UCF1183_120229_4_sorted.bam	EGAF00000187488
UCF1184	UC1184	female	fibroblast	naive	0	50bp	FALSE	TRUE	poly(A)	TRUE	TRUE	GENCORD	UCF1184_120229_8_sorted.bam	EGAF00000187489
UCF1185	UC1185	male	fibroblast	naive	0	50bp	FALSE	TRUE	poly(A)	TRUE	TRUE	GENCORD	UCF1185_120202_5_sorted.bam	EGAF00000187490
UCF1186	UC1186	male	fibroblast	naive	0	50bp	FALSE	TRUE	poly(A)	TRUE	TRUE	GENCORD	UCF1186_120229_4_sorted.bam	EGAF00000187491
UCF1187	UC1187	male	fibroblast	naive	0	50bp	FALSE	TRUE	poly(A)	TRUE	TRUE	GENCORD	UCF1187_120224_1_sorted.bam	EGAF00000187492
UCF1188	UC1188	male	fibroblast	naive	0	50bp	FALSE	TRUE	poly(A)	TRUE	TRUE	GENCORD	UCF1188_120229_4_sorted.bam	EGAF00000187493
UCF1189	UC1189	male	fibroblast	naive	0	50bp	FALSE	TRUE	poly(A)	TRUE	TRUE	GENCORD	UCF1189_120229_8_sorted.bam	EGAF00000187494
UCF1190	UC1190	male	fibroblast	naive	0	50bp	FALSE	TRUE	poly(A)	TRUE	TRUE	GENCORD	UCF1190_120229_2_sorted.bam	EGAF00000187495
UCF1191	UC1191	female	fibroblast	naive	0	50bp	FALSE	TRUE	poly(A)	TRUE	TRUE	GENCORD	UCF1191_120229_4_sorted.bam	EGAF00000187496
UCF1192	UC1192	male	fibroblast	naive	0	50bp	FALSE	TRUE	poly(A)	TRUE	TRUE	GENCORD	UCF1192_120202_6_sorted.bam	EGAF00000187497
UCF1193	UC1193	female	fibroblast	naive	0	50bp	FALSE	TRUE	poly(A)	TRUE	TRUE	GENCORD	UCF1193_120229_3_sorted.bam	EGAF00000187498
UCF1194	UC1194	female	fibroblast	naive	0	50bp	FALSE	TRUE	poly(A)	TRUE	TRUE	GENCORD	UCF1194_120224_1_sorted.bam	EGAF00000187499
UCF1195	UC1195	female	fibroblast	naive	0	50bp	FALSE	TRUE	poly(A)	TRUE	TRUE	GENCORD	UCF1195_120224_1_sorted.bam	EGAF00000187500
UCF1196	UC1196	female	fibroblast	naive	0	50bp	FALSE	TRUE	poly(A)	TRUE	TRUE	GENCORD	UCF1196_120224_4_sorted.bam	EGAF00000187501
UCF1198	UC1198	female	fibroblast	naive	0	50bp	FALSE	TRUE	poly(A)	TRUE	TRUE	GENCORD	UCF1198_120224_4_sorted.bam	EGAF00000187502
UCF1199	UC1199	female	fibroblast	naive	0	50bp	FALSE	TRUE	poly(A)	TRUE	TRUE	GENCORD	UCF1199_120224_7_sorted.bam	EGAF00000187503
UCF1200	UC1200	male	fibroblast	naive	0	50bp	FALSE	TRUE	poly(A)	TRUE	TRUE	GENCORD	UCF1200_120202_4_sorted.bam	EGAF00000187504
UCF1201	UC1201	male	fibroblast	naive	0	50bp	FALSE	TRUE	poly(A)	TRUE	TRUE	GENCORD	UCF1201_120224_2_sorted.bam	EGAF00000187505
UCF1203	UC1203	male	fibroblast	naive	0	50bp	FALSE	TRUE	poly(A)	TRUE	TRUE	GENCORD	UCF1203_120224_8_sorted.bam	EGAF00000187506
UCF1205	UC1205	male	fibroblast	naive	0	50bp	FALSE	TRUE	poly(A)	TRUE	TRUE	GENCORD	UCF1205_120315_6_sorted.bam	EGAF00000187507
UCF1206	UC1206	male	fibroblast	naive	0	50bp	FALSE	TRUE	poly(A)	TRUE	TRUE	GENCORD	UCF1206_120229_5_sorted.bam	EGAF00000187508
UCF1207	UC1207	female	fibroblast	naive	0	50bp	FALSE	TRUE	poly(A)	TRUE	TRUE	GENCORD	UCF1207_120229_3_sorted.bam	EGAF00000187509
UCF1208	UC1208	male	fibroblast	naive	0	50bp	FALSE	TRUE	poly(A)	TRUE	TRUE	GENCORD	UCF1208_120224_2_sorted.bam	EGAF00000187510
UCF1210	UC1210	male	fibroblast	naive	0	50bp	FALSE	TRUE	poly(A)	TRUE	TRUE	GENCORD	UCF1210_120224_2_sorted.bam	EGAF00000187511
UCF1211	UC1211	female	fibroblast	naive	0	50bp	FALSE	TRUE	poly(A)	TRUE	TRUE	GENCORD	UCF1211_120202_1_sorted.bam	EGAF00000187512
UCF1212	UC1212	male	fibroblast	naive	0	50bp	FALSE	TRUE	poly(A)	TRUE	TRUE	GENCORD	UCF1212_120202_7_sorted.bam	EGAF00000187513
UCF1215	UC1215	female	fibroblast	naive	0	50bp	FALSE	TRUE	poly(A)	TRUE	TRUE	GENCORD	UCF1215_120224_3_sorted.bam	EGAF00000187514
UCF1216	UC1216	female	fibroblast	naive	0	50bp	FALSE	TRUE	poly(A)	TRUE	TRUE	GENCORD	UCF1216_120229_2_sorted.bam	EGAF00000187515
UCF1217	UC1217	female	fibroblast	naive	0	50bp	FALSE	TRUE	poly(A)	TRUE	TRUE	GENCORD	UCF1217_120224_8_sorted.bam	EGAF00000187516
UCF1218	UC1218	male	fibroblast	naive	0	50bp	FALSE	TRUE	poly(A)	TRUE	TRUE	GENCORD	UCF1218_120229_1_sorted.bam	EGAF00000187517
UCF122	UC122	male	fibroblast	naive	0	50bp	FALSE	TRUE	poly(A)	TRUE	TRUE	GENCORD	UC122F_110221_7_sorted.bam	EGAF00000187162
UCF124	UC124	female	fibroblast	naive	0	50bp	FALSE	TRUE	poly(A)	TRUE	TRUE	GENCORD	UC124F_110221_5_sorted.bam	EGAF00000187165
UCF130	UC130	female	fibroblast	naive	0	50bp	FALSE	TRUE	poly(A)	TRUE	TRUE	GENCORD	UC130F_100930_7_sorted.bam	EGAF00000187170
UCF137	UC137	female	fibroblast	naive	0	50bp	FALSE	TRUE	poly(A)	TRUE	TRUE	GENCORD	UC137F_110204_8_sorted.bam	EGAF00000187173
UCF139	UC139	male	fibroblast	naive	0	50bp	FALSE	TRUE	poly(A)	TRUE	TRUE	GENCORD	UC139F_101014_1_sorted.bam	EGAF00000187176
UCF144	UC144	male	fibroblast	naive	0	50bp	FALSE	TRUE	poly(A)	TRUE	TRUE	GENCORD	UC144F_110204_1_sorted.bam	EGAF00000187181
UCF152	UC152	female	fibroblast	naive	0	50bp	FALSE	TRUE	poly(A)	TRUE	TRUE	GENCORD	UC152F_101014_2_sorted.bam	EGAF00000187184
UCF164	UC164	female	fibroblast	naive	0	50bp	FALSE	TRUE	poly(A)	TRUE	TRUE	GENCORD	UC164F_101014_5_sorted.bam	EGAF00000187187
UCF167	UC167	female	fibroblast	naive	0	50bp	FALSE	TRUE	poly(A)	TRUE	TRUE	GENCORD	UC167F_110204_2_sorted.bam	EGAF00000187190
UCF169	UC169	female	fibroblast	naive	0	50bp	FALSE	TRUE	poly(A)	TRUE	TRUE	GENCORD	UC169F_101014_6_sorted.bam	EGAF00000187193
UCF177	UC177	female	fibroblast	naive	0	50bp	FALSE	TRUE	poly(A)	TRUE	TRUE	GENCORD	UC177F_101014_7_sorted.bam	EGAF00000187196
UCF181	UC181	female	fibroblast	naive	0	50bp	FALSE	TRUE	poly(A)	TRUE	TRUE	GENCORD	UC181F_101014_8_sorted.bam	EGAF00000187199
UCF183	UC183	male	fibroblast	naive	0	50bp	FALSE	TRUE	poly(A)	TRUE	TRUE	GENCORD	UC183F_110413_6_sorted.bam	EGAF00000187202
UCF188	UC188	female	fibroblast	naive	0	50bp	FALSE	TRUE	poly(A)	TRUE	TRUE	GENCORD	UC188F_110204_4_sorted.bam	EGAF00000187205
UCF223	UC223	male	fibroblast	naive	0	50bp	FALSE	TRUE	poly(A)	TRUE	TRUE	GENCORD	UC223F_101108_1_sorted.bam	EGAF00000187208
UCF226	UC226	female	fibroblast	naive	0	50bp	FALSE	TRUE	poly(A)	TRUE	TRUE	GENCORD	UC226F_110218_2_sorted.bam	EGAF00000187212
UCF227	UC227	male	fibroblast	naive	0	50bp	FALSE	TRUE	poly(A)	TRUE	TRUE	GENCORD	UC227F_110204_5_sorted.bam	EGAF00000187215
UCF251	UC251	male	fibroblast	naive	0	50bp	FALSE	TRUE	poly(A)	TRUE	TRUE	GENCORD	UC251F_101108_5_sorted.bam	EGAF00000187218
UCF253	UC253	female	fibroblast	naive	0	50bp	FALSE	TRUE	poly(A)	TRUE	TRUE	GENCORD	UC253F_101108_6_sorted.bam	EGAF00000187221
UCF255	UC255	male	fibroblast	naive	0	50bp	FALSE	TRUE	poly(A)	TRUE	TRUE	GENCORD	UC255F_110204_6_sorted.bam	EGAF00000187224
UCF277	UC277	male	fibroblast	naive	0	50bp	FALSE	TRUE	poly(A)	TRUE	TRUE	GENCORD	UC277F_110204_6_sorted.bam	EGAF00000187227
UCF282	UC282	female	fibroblast	naive	0	50bp	FALSE	TRUE	poly(A)	TRUE	TRUE	GENCORD	UC282F_110204_7_sorted.bam	EGAF00000187230
UCF285	UC285	male	fibroblast	naive	0	50bp	FALSE	TRUE	poly(A)	TRUE	TRUE	GENCORD	UC285F_110304_7_sorted.bam	EGAF00000187233
UCF304	UC304	female	fibroblast	naive	0	50bp	FALSE	TRUE	poly(A)	TRUE	TRUE	GENCORD	UC304F_110204_1_sorted.bam	EGAF00000187236
UCT018	UC018	female	T-cell	naive	0	50bp	FALSE	TRUE	poly(A)	TRUE	TRUE	GENCORD	UC018T_110204_2_sorted.bam	EGAF00000187090
UCT019	UC019	female	T-cell	naive	0	50bp	FALSE	TRUE	poly(A)	TRUE	TRUE	GENCORD	UC019T_100930_1_sorted.bam	EGAF00000187092
UCT024	UC024	male	T-cell	naive	0	50bp	FALSE	TRUE	poly(A)	TRUE	TRUE	GENCORD	UC024T_110204_1_sorted.bam	EGAF00000187094
UCT025	UC025	female	T-cell	naive	0	50bp	FALSE	TRUE	poly(A)	TRUE	TRUE	GENCORD	UC025T_110413_3_sorted.bam	EGAF00000187097
UCT034	UC034	female	T-cell	naive	0	50bp	FALSE	TRUE	poly(A)	TRUE	TRUE	GENCORD	UC034T_110204_2_sorted.bam	EGAF00000187099
UCT042	UC042	female	T-cell	naive	0	50bp	FALSE	TRUE	poly(A)	TRUE	TRUE	GENCORD	UC042T_100930_2_sorted.bam	EGAF00000187102
UCT048	UC048	female	T-cell	naive	0	50bp	FALSE	TRUE	poly(A)	TRUE	TRUE	GENCORD	UC048T_110413_7_sorted.bam	EGAF00000187105
UCT049	UC049	male	T-cell	naive	0	50bp	FALSE	TRUE	poly(A)	TRUE	TRUE	GENCORD	UC049T_110204_4_sorted.bam	EGAF00000187108
UCT050	UC050	male	T-cell	naive	0	50bp	FALSE	TRUE	poly(A)	TRUE	TRUE	GENCORD	UC050T_110413_3_sorted.bam	EGAF00000187111
UCT051	UC051	male	T-cell	naive	0	50bp	FALSE	TRUE	poly(A)	TRUE	TRUE	GENCORD	UC051T_110204_5_sorted.bam	EGAF00000187114
UCT060	UC060	female	T-cell	naive	0	50bp	FALSE	TRUE	poly(A)	TRUE	TRUE	GENCORD	UC060T_110204_7_sorted.bam	EGAF00000187117
UCT078	UC078	male	T-cell	naive	0	50bp	FALSE	TRUE	poly(A)	TRUE	TRUE	GENCORD	UC078T_110204_6_sorted.bam	EGAF00000187122
UCT079	UC079	female	T-cell	naive	0	50bp	FALSE	TRUE	poly(A)	TRUE	TRUE	GENCORD	UC079T_110304_7_sorted.bam	EGAF00000187124
UCT087	UC087	male	T-cell	naive	0	50bp	FALSE	TRUE	poly(A)	TRUE	TRUE	GENCORD	UC087T_110204_5_sorted.bam	EGAF00000187128
UCT088	UC088	female	T-cell	naive	0	50bp	FALSE	TRUE	poly(A)	TRUE	TRUE	GENCORD	UC088T_110204_1_sorted.bam	EGAF00000187131
UCT093	UC093	male	T-cell	naive	0	50bp	FALSE	TRUE	poly(A)	TRUE	TRUE	GENCORD	UC093T_101108_8_sorted.bam	EGAF00000187134
UCT1001	UC1001	female	T-cell	naive	0	50bp	FALSE	TRUE	poly(A)	TRUE	TRUE	GENCORD	UCT1001_120224_3_sorted.bam	EGAF00000187518
UCT1007	UC1007	female	T-cell	naive	0	50bp	FALSE	TRUE	poly(A)	TRUE	TRUE	GENCORD	UCT1007_120229_1_sorted.bam	EGAF00000187519
UCT100	UC100	female	T-cell	naive	0	50bp	FALSE	TRUE	poly(A)	TRUE	TRUE	GENCORD	UC100T_110413_7_sorted.bam	EGAF00000187137
UCT1010	UC1010	female	T-cell	naive	0	50bp	FALSE	TRUE	poly(A)	TRUE	TRUE	GENCORD	UCT1010_120202_3_sorted.bam	EGAF00000187520
UCT1011	UC1011	male	T-cell	naive	0	50bp	FALSE	TRUE	poly(A)	TRUE	TRUE	GENCORD	UCT1011_120202_6_sorted.bam	EGAF00000187521
UCT1012	UC1012	male	T-cell	naive	0	50bp	FALSE	TRUE	poly(A)	TRUE	TRUE	GENCORD	UCT1012_120315_7_sorted.bam	EGAF00000187522
UCT1013	UC1013	male	T-cell	naive	0	50bp	FALSE	TRUE	poly(A)	TRUE	TRUE	GENCORD	UCT1013_120224_1_sorted.bam	EGAF00000187523
UCT1014	UC1014	female	T-cell	naive	0	50bp	FALSE	TRUE	poly(A)	TRUE	TRUE	GENCORD	UCT1014_120229_1_sorted.bam	EGAF00000187524
UCT1016	UC1016	female	T-cell	naive	0	50bp	FALSE	TRUE	poly(A)	TRUE	TRUE	GENCORD	UCT1016_120229_5_sorted.bam	EGAF00000187525
UCT1021	UC1021	female	T-cell	naive	0	50bp	FALSE	TRUE	poly(A)	TRUE	TRUE	GENCORD	UCT1021_120229_8_sorted.bam	EGAF00000187526
UCT1023	UC1023	female	T-cell	naive	0	50bp	FALSE	TRUE	poly(A)	TRUE	TRUE	GENCORD	UCT1023_120224_2_sorted.bam	EGAF00000187527
UCT1024	UC1024	male	T-cell	naive	0	50bp	FALSE	TRUE	poly(A)	TRUE	TRUE	GENCORD	UCT1024_120229_7_sorted.bam	EGAF00000187528
UCT1025	UC1025	male	T-cell	naive	0	50bp	FALSE	TRUE	poly(A)	TRUE	TRUE	GENCORD	UCT1025_120229_6_sorted.bam	EGAF00000187529
UCT1027	UC1027	female	T-cell	naive	0	50bp	FALSE	TRUE	poly(A)	TRUE	TRUE	GENCORD	UCT1027_120202_1_sorted.bam	EGAF00000187530
UCT1028	UC1028	male	T-cell	naive	0	50bp	FALSE	TRUE	poly(A)	TRUE	TRUE	GENCORD	UCT1028_120224_3_sorted.bam	EGAF00000187531
UCT1029	UC1029	male	T-cell	naive	0	50bp	FALSE	TRUE	poly(A)	TRUE	TRUE	GENCORD	UCT1029_120224_7_sorted.bam	EGAF00000187532
UCT1030	UC1030	male	T-cell	naive	0	50bp	FALSE	TRUE	poly(A)	TRUE	TRUE	GENCORD	UCT1030_120224_6_sorted.bam	EGAF00000187533
UCT103	UC103	male	T-cell	naive	0	50bp	FALSE	TRUE	poly(A)	TRUE	TRUE	GENCORD	UC103T_100930_5_sorted.bam	EGAF00000187140
UCT1040	UC1040	female	T-cell	naive	0	50bp	FALSE	TRUE	poly(A)	TRUE	TRUE	GENCORD	UCT1040_120229_7_sorted.bam	EGAF00000187534
UCT1045	UC1045	female	T-cell	naive	0	50bp	FALSE	TRUE	poly(A)	TRUE	TRUE	GENCORD	UCT1045_120202_7_sorted.bam	EGAF00000187535
UCT1046	UC1046	male	T-cell	naive	0	50bp	FALSE	TRUE	poly(A)	TRUE	TRUE	GENCORD	UCT1046_120202_5_sorted.bam	EGAF00000187536
UCT1047	UC1047	female	T-cell	naive	0	50bp	FALSE	TRUE	poly(A)	TRUE	TRUE	GENCORD	UCT1047_120224_5_sorted.bam	EGAF00000187537
UCT1048	UC1048	male	T-cell	naive	0	50bp	FALSE	TRUE	poly(A)	TRUE	TRUE	GENCORD	UCT1048_120202_3_sorted.bam	EGAF00000187538
UCT1052	UC1052	female	T-cell	naive	0	50bp	FALSE	TRUE	poly(A)	TRUE	TRUE	GENCORD	UCT1052_120224_8_sorted.bam	EGAF00000187539
UCT1053	UC1053	female	T-cell	naive	0	50bp	FALSE	TRUE	poly(A)	TRUE	TRUE	GENCORD	UCT1053_120229_1_sorted.bam	EGAF00000187540
UCT1055	UC1055	male	T-cell	naive	0	50bp	FALSE	TRUE	poly(A)	TRUE	TRUE	GENCORD	UCT1055_120224_1_sorted.bam	EGAF00000187541
UCT1056	UC1056	female	T-cell	naive	0	50bp	FALSE	TRUE	poly(A)	TRUE	TRUE	GENCORD	UCT1056_120229_7_sorted.bam	EGAF00000187542
UCT1057	UC1057	female	T-cell	naive	0	50bp	FALSE	TRUE	poly(A)	TRUE	TRUE	GENCORD	UCT1057_120229_2_sorted.bam	EGAF00000187543
UCT1058	UC1058	female	T-cell	naive	0	50bp	FALSE	TRUE	poly(A)	TRUE	TRUE	GENCORD	UCT1058_120229_3_sorted.bam	EGAF00000187544
UCT1059	UC1059	female	T-cell	naive	0	50bp	FALSE	TRUE	poly(A)	TRUE	TRUE	GENCORD	UCT1059_120202_7_sorted.bam	EGAF00000187545
UCT105	UC105	male	T-cell	naive	0	50bp	FALSE	TRUE	poly(A)	TRUE	TRUE	GENCORD	UC105T_110204_2_sorted.bam	EGAF00000187143
UCT1061	UC1061	male	T-cell	naive	0	50bp	FALSE	TRUE	poly(A)	TRUE	TRUE	GENCORD	UCT1061_120229_3_sorted.bam	EGAF00000187546
UCT1062	UC1062	male	T-cell	naive	0	50bp	FALSE	TRUE	poly(A)	TRUE	TRUE	GENCORD	UCT1062_120229_8_sorted.bam	EGAF00000187547
UCT1064	UC1064	male	T-cell	naive	0	50bp	FALSE	TRUE	poly(A)	TRUE	TRUE	GENCORD	UCT1064_120202_7_sorted.bam	EGAF00000187548
UCT1067	UC1067	male	T-cell	naive	0	50bp	FALSE	TRUE	poly(A)	TRUE	TRUE	GENCORD	UCT1067_120224_6_sorted.bam	EGAF00000187549
UCT1068	UC1068	male	T-cell	naive	0	50bp	FALSE	TRUE	poly(A)	TRUE	TRUE	GENCORD	UCT1068_120229_7_sorted.bam	EGAF00000187550
UCT1069	UC1069	female	T-cell	naive	0	50bp	FALSE	TRUE	poly(A)	TRUE	TRUE	GENCORD	UCT1069_120202_2_sorted.bam	EGAF00000187551
UCT1070	UC1070	female	T-cell	naive	0	50bp	FALSE	TRUE	poly(A)	TRUE	TRUE	GENCORD	UCT1070_120229_6_sorted.bam	EGAF00000187552
UCT1071	UC1071	female	T-cell	naive	0	50bp	FALSE	TRUE	poly(A)	TRUE	TRUE	GENCORD	UCT1071_120229_4_sorted.bam	EGAF00000187553
UCT1072	UC1072	male	T-cell	naive	0	50bp	FALSE	TRUE	poly(A)	TRUE	TRUE	GENCORD	UCT1072_120202_3_sorted.bam	EGAF00000187554
UCT1073	UC1073	male	T-cell	naive	0	50bp	FALSE	TRUE	poly(A)	TRUE	TRUE	GENCORD	UCT1073_120224_2_sorted.bam	EGAF00000187555
UCT1074	UC1074	female	T-cell	naive	0	50bp	FALSE	TRUE	poly(A)	TRUE	TRUE	GENCORD	UCT1074_120229_1_sorted.bam	EGAF00000187556
UCT1075	UC1075	male	T-cell	naive	0	50bp	FALSE	TRUE	poly(A)	TRUE	TRUE	GENCORD	UCT1075_120202_1_sorted.bam	EGAF00000187557
UCT1076	UC1076	female	T-cell	naive	0	50bp	FALSE	TRUE	poly(A)	TRUE	TRUE	GENCORD	UCT1076_120224_4_sorted.bam	EGAF00000187558
UCT1077	UC1077	male	T-cell	naive	0	50bp	FALSE	TRUE	poly(A)	TRUE	TRUE	GENCORD	UCT1077_120224_6_sorted.bam	EGAF00000187559
UCT1078	UC1078	male	T-cell	naive	0	50bp	FALSE	TRUE	poly(A)	TRUE	TRUE	GENCORD	UCT1078_120229_5_sorted.bam	EGAF00000187560
UCT1079	UC1079	male	T-cell	naive	0	50bp	FALSE	TRUE	poly(A)	TRUE	TRUE	GENCORD	UCT1079_120224_6_sorted.bam	EGAF00000187561
UCT1080	UC1080	male	T-cell	naive	0	50bp	FALSE	TRUE	poly(A)	TRUE	TRUE	GENCORD	UCT1080_120224_6_sorted.bam	EGAF00000187562
UCT1083	UC1083	female	T-cell	naive	0	50bp	FALSE	TRUE	poly(A)	TRUE	TRUE	GENCORD	UCT1083_120224_5_sorted.bam	EGAF00000187563
UCT1086	UC1086	male	T-cell	naive	0	50bp	FALSE	TRUE	poly(A)	TRUE	TRUE	GENCORD	UCT1086_120202_4_sorted.bam	EGAF00000187564
UCT1087	UC1087	male	T-cell	naive	0	50bp	FALSE	TRUE	poly(A)	TRUE	TRUE	GENCORD	UCT1087_120224_8_sorted.bam	EGAF00000187565
UCT1088	UC1088	female	T-cell	naive	0	50bp	FALSE	TRUE	poly(A)	TRUE	TRUE	GENCORD	UCT1088_120224_7_sorted.bam	EGAF00000187566
UCT1089	UC1089	male	T-cell	naive	0	50bp	FALSE	TRUE	poly(A)	TRUE	TRUE	GENCORD	UCT1089_120229_1_sorted.bam	EGAF00000187567
UCT1090	UC1090	male	T-cell	naive	0	50bp	FALSE	TRUE	poly(A)	TRUE	TRUE	GENCORD	UCT1090_120229_6_sorted.bam	EGAF00000187568
UCT1091	UC1091	female	T-cell	naive	0	50bp	FALSE	TRUE	poly(A)	TRUE	TRUE	GENCORD	UCT1091_120229_7_sorted.bam	EGAF00000187569
UCT1092	UC1092	female	T-cell	naive	0	50bp	FALSE	TRUE	poly(A)	TRUE	TRUE	GENCORD	UCT1092_120229_1_sorted.bam	EGAF00000187570
UCT1094	UC1094	female	T-cell	naive	0	50bp	FALSE	TRUE	poly(A)	TRUE	TRUE	GENCORD	UCT1094_120224_1_sorted.bam	EGAF00000187571
UCT1096	UC1096	male	T-cell	naive	0	50bp	FALSE	TRUE	poly(A)	TRUE	TRUE	GENCORD	UCT1096_120202_5_sorted.bam	EGAF00000187572
UCT1097	UC1097	male	T-cell	naive	0	50bp	FALSE	TRUE	poly(A)	TRUE	TRUE	GENCORD	UCT1097_120202_7_sorted.bam	EGAF00000187573
UCT1098	UC1098	male	T-cell	naive	0	50bp	FALSE	TRUE	poly(A)	TRUE	TRUE	GENCORD	UCT1098_120229_7_sorted.bam	EGAF00000187574
UCT1099	UC1099	female	T-cell	naive	0	50bp	FALSE	TRUE	poly(A)	TRUE	TRUE	GENCORD	UCT1099_120229_6_sorted.bam	EGAF00000187575
UCT1100	UC1100	male	T-cell	naive	0	50bp	FALSE	TRUE	poly(A)	TRUE	TRUE	GENCORD	UCT1100_120202_1_sorted.bam	EGAF00000187576
UCT1101	UC1101	male	T-cell	naive	0	50bp	FALSE	TRUE	poly(A)	TRUE	TRUE	GENCORD	UCT1101_120229_8_sorted.bam	EGAF00000187577
UCT1102	UC1102	female	T-cell	naive	0	50bp	FALSE	TRUE	poly(A)	TRUE	TRUE	GENCORD	UCT1102_120224_8_sorted.bam	EGAF00000187578
UCT1103	UC1103	male	T-cell	naive	0	50bp	FALSE	TRUE	poly(A)	TRUE	TRUE	GENCORD	UCT1103_120224_2_sorted.bam	EGAF00000187579
UCT1104	UC1104	male	T-cell	naive	0	50bp	FALSE	TRUE	poly(A)	TRUE	TRUE	GENCORD	UCT1104_120229_4_sorted.bam	EGAF00000187580
UCT1105	UC1105	male	T-cell	naive	0	50bp	FALSE	TRUE	poly(A)	TRUE	TRUE	GENCORD	UCT1105_120315_8_sorted.bam	EGAF00000187581
UCT1106	UC1106	female	T-cell	naive	0	50bp	FALSE	TRUE	poly(A)	TRUE	TRUE	GENCORD	UCT1106_120224_3_sorted.bam	EGAF00000187582
UCT1107	UC1107	male	T-cell	naive	0	50bp	FALSE	TRUE	poly(A)	TRUE	TRUE	GENCORD	UCT1107_120229_2_sorted.bam	EGAF00000187583
UCT1108	UC1108	male	T-cell	naive	0	50bp	FALSE	TRUE	poly(A)	TRUE	TRUE	GENCORD	UCT1108_120315_7_sorted.bam	EGAF00000187584
UCT1109	UC1109	male	T-cell	naive	0	50bp	FALSE	TRUE	poly(A)	TRUE	TRUE	GENCORD	UCT1109_120224_7_sorted.bam	EGAF00000187585
UCT110	UC110	male	T-cell	naive	0	50bp	FALSE	TRUE	poly(A)	TRUE	TRUE	GENCORD	UC110T_100930_6_sorted.bam	EGAF00000187148
UCT1112	UC1112	male	T-cell	naive	0	50bp	FALSE	TRUE	poly(A)	TRUE	TRUE	GENCORD	UCT1112_120224_3_sorted.bam	EGAF00000187586
UCT1113	UC1113	male	T-cell	naive	0	50bp	FALSE	TRUE	poly(A)	TRUE	TRUE	GENCORD	UCT1113_120315_6_sorted.bam	EGAF00000187587
UCT1115	UC1115	male	T-cell	naive	0	50bp	FALSE	TRUE	poly(A)	TRUE	TRUE	GENCORD	UCT1115_120224_5_sorted.bam	EGAF00000187588
UCT1116	UC1116	male	T-cell	naive	0	50bp	FALSE	TRUE	poly(A)	TRUE	TRUE	GENCORD	UCT1116_120229_5_sorted.bam	EGAF00000187589
UCT1117	UC1117	female	T-cell	naive	0	50bp	FALSE	TRUE	poly(A)	TRUE	TRUE	GENCORD	UCT1117_120224_4_sorted.bam	EGAF00000187590
UCT1119	UC1119	female	T-cell	naive	0	50bp	FALSE	TRUE	poly(A)	TRUE	TRUE	GENCORD	UCT1119_120229_3_sorted.bam	EGAF00000187591
UCT1120	UC1120	male	T-cell	naive	0	50bp	FALSE	TRUE	poly(A)	TRUE	FALSE	GENCORD	UCT1120_120229_6_sorted.bam	EGAF00000187592
UCT1123	UC1123	male	T-cell	naive	0	50bp	FALSE	TRUE	poly(A)	TRUE	TRUE	GENCORD	UCT1123_120315_3_sorted.bam	EGAF00000187593
UCT1124	UC1124	male	T-cell	naive	0	50bp	FALSE	TRUE	poly(A)	TRUE	TRUE	GENCORD	UCT1124_120224_8_sorted.bam	EGAF00000187594
UCT1125	UC1125	male	T-cell	naive	0	50bp	FALSE	TRUE	poly(A)	TRUE	TRUE	GENCORD	UCT1125_120202_8_sorted.bam	EGAF00000187595
UCT1126	UC1126	female	T-cell	naive	0	50bp	FALSE	TRUE	poly(A)	TRUE	TRUE	GENCORD	UCT1126_120202_2_sorted.bam	EGAF00000187596
UCT1128	UC1128	female	T-cell	naive	0	50bp	FALSE	TRUE	poly(A)	TRUE	TRUE	GENCORD	UCT1128_120202_1_sorted.bam	EGAF00000187597
UCT1129	UC1129	male	T-cell	naive	0	50bp	FALSE	TRUE	poly(A)	TRUE	TRUE	GENCORD	UCT1129_120229_2_sorted.bam	EGAF00000187598
UCT1130	UC1130	male	T-cell	naive	0	50bp	FALSE	TRUE	poly(A)	TRUE	TRUE	GENCORD	UCT1130_120229_8_sorted.bam	EGAF00000187599
UCT1131	UC1131	female	T-cell	naive	0	50bp	FALSE	TRUE	poly(A)	TRUE	TRUE	GENCORD	UCT1131_120224_3_sorted.bam	EGAF00000187600
UCT1135	UC1135	female	T-cell	naive	0	50bp	FALSE	TRUE	poly(A)	TRUE	TRUE	GENCORD	UCT1135_120224_2_sorted.bam	EGAF00000187601
UCT1136	UC1136	female	T-cell	naive	0	50bp	FALSE	TRUE	poly(A)	TRUE	TRUE	GENCORD	UCT1136_120224_4_sorted.bam	EGAF00000187602
UCT1137	UC1137	male	T-cell	naive	0	50bp	FALSE	TRUE	poly(A)	TRUE	TRUE	GENCORD	UCT1137_120224_5_sorted.bam	EGAF00000187603
UCT1139	UC1139	female	T-cell	naive	0	50bp	FALSE	TRUE	poly(A)	TRUE	TRUE	GENCORD	UCT1139_120229_4_sorted.bam	EGAF00000187604
UCT113	UC113	female	T-cell	naive	0	50bp	FALSE	TRUE	poly(A)	TRUE	TRUE	GENCORD	UC113T_110204_3_sorted.bam	EGAF00000187151
UCT1143	UC1143	male	T-cell	naive	0	50bp	FALSE	TRUE	poly(A)	TRUE	TRUE	GENCORD	UCT1143_120229_1_sorted.bam	EGAF00000187605
UCT1146	UC1146	male	T-cell	naive	0	50bp	FALSE	TRUE	poly(A)	TRUE	FALSE	GENCORD	UCT1146_120224_1_sorted.bam	EGAF00000187606
UCT1148	UC1148	female	T-cell	naive	0	50bp	FALSE	TRUE	poly(A)	TRUE	TRUE	GENCORD	UCT1148_120229_6_sorted.bam	EGAF00000187607
UCT114	UC114	male	T-cell	naive	0	50bp	FALSE	TRUE	poly(A)	TRUE	TRUE	GENCORD	UC114T_110204_8_sorted.bam	EGAF00000187154
UCT1156	UC1156	male	T-cell	naive	0	50bp	FALSE	TRUE	poly(A)	TRUE	TRUE	GENCORD	UCT1156_120202_8_sorted.bam	EGAF00000187608
UCT1159	UC1159	male	T-cell	naive	0	50bp	FALSE	TRUE	poly(A)	TRUE	TRUE	GENCORD	UCT1159_120224_3_sorted.bam	EGAF00000187609
UCT1160	UC1160	female	T-cell	naive	0	50bp	FALSE	TRUE	poly(A)	TRUE	TRUE	GENCORD	UCT1160_120224_4_sorted.bam	EGAF00000187610
UCT1161	UC1161	female	T-cell	naive	0	50bp	FALSE	TRUE	poly(A)	TRUE	TRUE	GENCORD	UCT1161_120224_2_sorted.bam	EGAF00000187611
UCT1163	UC1163	male	T-cell	naive	0	50bp	FALSE	TRUE	poly(A)	TRUE	TRUE	GENCORD	UCT1163_120202_1_sorted.bam	EGAF00000187612
UCT1164	UC1164	female	T-cell	naive	0	50bp	FALSE	TRUE	poly(A)	TRUE	TRUE	GENCORD	UCT1164_120229_5_sorted.bam	EGAF00000187613
UCT1167	UC1167	female	T-cell	naive	0	50bp	FALSE	TRUE	poly(A)	TRUE	TRUE	GENCORD	UCT1167_120229_8_sorted.bam	EGAF00000187614
UCT1168	UC1168	female	T-cell	naive	0	50bp	FALSE	TRUE	poly(A)	TRUE	TRUE	GENCORD	UCT1168_120229_8_sorted.bam	EGAF00000187615
UCT1169	UC1169	male	T-cell	naive	0	50bp	FALSE	TRUE	poly(A)	TRUE	TRUE	GENCORD	UCT1169_120202_5_sorted.bam	EGAF00000187616
UCT1170	UC1170	male	T-cell	naive	0	50bp	FALSE	TRUE	poly(A)	TRUE	TRUE	GENCORD	UCT1170_120229_6_sorted.bam	EGAF00000187617
UCT1171	UC1171	female	T-cell	naive	0	50bp	FALSE	TRUE	poly(A)	TRUE	TRUE	GENCORD	UCT1171_120202_8_sorted.bam	EGAF00000187618
UCT1174	UC1174	male	T-cell	naive	0	50bp	FALSE	TRUE	poly(A)	TRUE	TRUE	GENCORD	UCT1174_120229_4_sorted.bam	EGAF00000187619
UCT1175	UC1175	female	T-cell	naive	0	50bp	FALSE	TRUE	poly(A)	TRUE	TRUE	GENCORD	UCT1175_120315_3_sorted.bam	EGAF00000187620
UCT1176	UC1176	male	T-cell	naive	0	50bp	FALSE	TRUE	poly(A)	TRUE	TRUE	GENCORD	UCT1176_120202_1_sorted.bam	EGAF00000187621
UCT1178	UC1178	male	T-cell	naive	0	50bp	FALSE	TRUE	poly(A)	TRUE	TRUE	GENCORD	UCT1178_120202_7_sorted.bam	EGAF00000187622
UCT1179	UC1179	female	T-cell	naive	0	50bp	FALSE	TRUE	poly(A)	TRUE	TRUE	GENCORD	UCT1179_120202_4_sorted.bam	EGAF00000187623
UCT117	UC117	female	T-cell	naive	0	50bp	FALSE	TRUE	poly(A)	TRUE	TRUE	GENCORD	UC117T_110221_1_sorted.bam	EGAF00000187161
UCT1180	UC1180	female	T-cell	naive	0	50bp	FALSE	TRUE	poly(A)	TRUE	TRUE	GENCORD	UCT1180_120224_7_sorted.bam	EGAF00000187624
UCT1181	UC1181	male	T-cell	naive	0	50bp	FALSE	TRUE	poly(A)	TRUE	TRUE	GENCORD	UCT1181_120224_8_sorted.bam	EGAF00000187625
UCT1182	UC1182	male	T-cell	naive	0	50bp	FALSE	TRUE	poly(A)	TRUE	TRUE	GENCORD	UCT1182_120224_3_sorted.bam	EGAF00000187626
UCT1183	UC1183	female	T-cell	naive	0	50bp	FALSE	TRUE	poly(A)	TRUE	TRUE	GENCORD	UCT1183_120229_1_sorted.bam	EGAF00000187627
UCT1184	UC1184	female	T-cell	naive	0	50bp	FALSE	TRUE	poly(A)	TRUE	TRUE	GENCORD	UCT1184_120229_5_sorted.bam	EGAF00000187628
UCT1185	UC1185	male	T-cell	naive	0	50bp	FALSE	TRUE	poly(A)	TRUE	TRUE	GENCORD	UCT1185_120202_3_sorted.bam	EGAF00000187629
UCT1186	UC1186	male	T-cell	naive	0	50bp	FALSE	TRUE	poly(A)	TRUE	TRUE	GENCORD	UCT1186_120224_2_sorted.bam	EGAF00000187630
UCT1188	UC1188	male	T-cell	naive	0	50bp	FALSE	TRUE	poly(A)	TRUE	TRUE	GENCORD	UCT1188_120224_8_sorted.bam	EGAF00000187631
UCT1189	UC1189	male	T-cell	naive	0	50bp	FALSE	TRUE	poly(A)	TRUE	TRUE	GENCORD	UCT1189_120224_3_sorted.bam	EGAF00000187632
UCT1190	UC1190	male	T-cell	naive	0	50bp	FALSE	TRUE	poly(A)	TRUE	TRUE	GENCORD	UCT1190_120224_1_sorted.bam	EGAF00000187633
UCT1191	UC1191	female	T-cell	naive	0	50bp	FALSE	TRUE	poly(A)	TRUE	TRUE	GENCORD	UCT1191_120224_5_sorted.bam	EGAF00000187634
UCT1192	UC1192	male	T-cell	naive	0	50bp	FALSE	TRUE	poly(A)	TRUE	TRUE	GENCORD	UCT1192_120202_3_sorted.bam	EGAF00000187635
UCT1193	UC1193	female	T-cell	naive	0	50bp	FALSE	TRUE	poly(A)	TRUE	TRUE	GENCORD	UCT1193_120224_7_sorted.bam	EGAF00000187636
UCT1194	UC1194	female	T-cell	naive	0	50bp	FALSE	TRUE	poly(A)	TRUE	TRUE	GENCORD	UCT1194_120229_6_sorted.bam	EGAF00000187637
UCT1195	UC1195	female	T-cell	naive	0	50bp	FALSE	TRUE	poly(A)	TRUE	TRUE	GENCORD	UCT1195_120229_5_sorted.bam	EGAF00000187638
UCT1196	UC1196	female	T-cell	naive	0	50bp	FALSE	TRUE	poly(A)	TRUE	TRUE	GENCORD	UCT1196_120315_6_sorted.bam	EGAF00000187639
UCT1198	UC1198	female	T-cell	naive	0	50bp	FALSE	TRUE	poly(A)	TRUE	TRUE	GENCORD	UCT1198_120224_2_sorted.bam	EGAF00000187640
UCT1199	UC1199	female	T-cell	naive	0	50bp	FALSE	TRUE	poly(A)	TRUE	TRUE	GENCORD	UCT1199_120229_6_sorted.bam	EGAF00000187641
UCT1200	UC1200	male	T-cell	naive	0	50bp	FALSE	TRUE	poly(A)	TRUE	TRUE	GENCORD	UCT1200_120229_3_sorted.bam	EGAF00000187642
UCT1201	UC1201	male	T-cell	naive	0	50bp	FALSE	TRUE	poly(A)	TRUE	TRUE	GENCORD	UCT1201_120229_5_sorted.bam	EGAF00000187643
UCT1203	UC1203	male	T-cell	naive	0	50bp	FALSE	TRUE	poly(A)	TRUE	TRUE	GENCORD	UCT1203_120229_5_sorted.bam	EGAF00000187644
UCT1205	UC1205	male	T-cell	naive	0	50bp	FALSE	TRUE	poly(A)	TRUE	FALSE	GENCORD	UCT1205_120224_8_sorted.bam	EGAF00000187645
UCT1206	UC1206	male	T-cell	naive	0	50bp	FALSE	TRUE	poly(A)	TRUE	TRUE	GENCORD	UCT1206_120224_5_sorted.bam	EGAF00000187646
UCT1207	UC1207	female	T-cell	naive	0	50bp	FALSE	TRUE	poly(A)	TRUE	TRUE	GENCORD	UCT1207_120229_2_sorted.bam	EGAF00000187647
UCT1208	UC1208	male	T-cell	naive	0	50bp	FALSE	TRUE	poly(A)	TRUE	TRUE	GENCORD	UCT1208_120224_6_sorted.bam	EGAF00000187648
UCT1210	UC1210	male	T-cell	naive	0	50bp	FALSE	TRUE	poly(A)	TRUE	TRUE	GENCORD	UCT1210_120202_2_sorted.bam	EGAF00000187649
UCT1211	UC1211	female	T-cell	naive	0	50bp	FALSE	TRUE	poly(A)	TRUE	TRUE	GENCORD	UCT1211_120202_8_sorted.bam	EGAF00000187650
UCT1212	UC1212	male	T-cell	naive	0	50bp	FALSE	TRUE	poly(A)	TRUE	TRUE	GENCORD	UCT1212_120315_8_sorted.bam	EGAF00000187651
UCT1215	UC1215	female	T-cell	naive	0	50bp	FALSE	TRUE	poly(A)	TRUE	TRUE	GENCORD	UCT1215_120224_2_sorted.bam	EGAF00000187652
UCT1216	UC1216	female	T-cell	naive	0	50bp	FALSE	TRUE	poly(A)	TRUE	TRUE	GENCORD	UCT1216_120202_8_sorted.bam	EGAF00000187653
UCT1217	UC1217	female	T-cell	naive	0	50bp	FALSE	TRUE	poly(A)	TRUE	TRUE	GENCORD	UCT1217_120224_6_sorted.bam	EGAF00000187654
UCT1218	UC1218	male	T-cell	naive	0	50bp	FALSE	TRUE	poly(A)	TRUE	TRUE	GENCORD	UCT1218_120229_2_sorted.bam	EGAF00000187655
UCT122	UC122	male	T-cell	naive	0	50bp	FALSE	TRUE	poly(A)	TRUE	TRUE	GENCORD	UC122T_110221_2_sorted.bam	EGAF00000187164
UCT124	UC124	female	T-cell	naive	0	50bp	FALSE	TRUE	poly(A)	TRUE	TRUE	GENCORD	UC124T_110221_3_sorted.bam	EGAF00000187167
UCT125	UC125	female	T-cell	naive	0	50bp	FALSE	TRUE	poly(A)	TRUE	TRUE	GENCORD	UC125T_110221_7_sorted.bam	EGAF00000187169
UCT130	UC130	female	T-cell	naive	0	50bp	FALSE	TRUE	poly(A)	TRUE	TRUE	GENCORD	UC130T_100930_7_sorted.bam	EGAF00000187172
UCT137	UC137	female	T-cell	naive	0	50bp	FALSE	TRUE	poly(A)	TRUE	TRUE	GENCORD	UC137T_110204_8_sorted.bam	EGAF00000187175
UCT139	UC139	male	T-cell	naive	0	50bp	FALSE	TRUE	poly(A)	TRUE	TRUE	GENCORD	UC139T_101014_1_sorted.bam	EGAF00000187178
UCT141	UC141	male	T-cell	naive	0	50bp	FALSE	TRUE	poly(A)	TRUE	TRUE	GENCORD	UC141T_110413_3_sorted.bam	EGAF00000187180
UCT144	UC144	male	T-cell	naive	0	50bp	FALSE	TRUE	poly(A)	TRUE	TRUE	GENCORD	UC144T_110204_1_sorted.bam	EGAF00000187183
UCT152	UC152	female	T-cell	naive	0	50bp	FALSE	TRUE	poly(A)	TRUE	TRUE	GENCORD	UC152T_101014_2_sorted.bam	EGAF00000187186
UCT164	UC164	female	T-cell	naive	0	50bp	FALSE	TRUE	poly(A)	TRUE	TRUE	GENCORD	UC164T_101014_5_sorted.bam	EGAF00000187189
UCT167	UC167	female	T-cell	naive	0	50bp	FALSE	TRUE	poly(A)	TRUE	TRUE	GENCORD	UC167T_110204_2_sorted.bam	EGAF00000187192
UCT169	UC169	female	T-cell	naive	0	50bp	FALSE	TRUE	poly(A)	TRUE	TRUE	GENCORD	UC169T_101014_6_sorted.bam	EGAF00000187195
UCT177	UC177	female	T-cell	naive	0	50bp	FALSE	TRUE	poly(A)	TRUE	TRUE	GENCORD	UC177T_101014_7_sorted.bam	EGAF00000187198
UCT181	UC181	female	T-cell	naive	0	50bp	FALSE	TRUE	poly(A)	TRUE	TRUE	GENCORD	UC181T_101014_8_sorted.bam	EGAF00000187201
UCT183	UC183	male	T-cell	naive	0	50bp	FALSE	TRUE	poly(A)	TRUE	TRUE	GENCORD	UC183T_110413_7_sorted.bam	EGAF00000187204
UCT188	UC188	female	T-cell	naive	0	50bp	FALSE	TRUE	poly(A)	TRUE	TRUE	GENCORD	UC188T_110204_4_sorted.bam	EGAF00000187207
UCT223	UC223	male	T-cell	naive	0	50bp	FALSE	TRUE	poly(A)	TRUE	TRUE	GENCORD	UC223T_101108_1_sorted.bam	EGAF00000187210
UCT226	UC226	female	T-cell	naive	0	50bp	FALSE	TRUE	poly(A)	TRUE	TRUE	GENCORD	UC226T_110218_2_sorted.bam	EGAF00000187214
UCT227	UC227	male	T-cell	naive	0	50bp	FALSE	TRUE	poly(A)	TRUE	TRUE	GENCORD	UC227T_110204_5_sorted.bam	EGAF00000187217
UCT251	UC251	male	T-cell	naive	0	50bp	FALSE	TRUE	poly(A)	TRUE	TRUE	GENCORD	UC251T_101108_5_sorted.bam	EGAF00000187220
UCT253	UC253	female	T-cell	naive	0	50bp	FALSE	TRUE	poly(A)	TRUE	TRUE	GENCORD	UC253T_101108_6_sorted.bam	EGAF00000187223
UCT255	UC255	male	T-cell	naive	0	50bp	FALSE	TRUE	poly(A)	TRUE	TRUE	GENCORD	UC255T_110204_6_sorted.bam	EGAF00000187226
UCT277	UC277	male	T-cell	naive	0	50bp	FALSE	TRUE	poly(A)	TRUE	TRUE	GENCORD	UC277T_110204_6_sorted.bam	EGAF00000187229
UCT282	UC282	female	T-cell	naive	0	50bp	FALSE	TRUE	poly(A)	TRUE	TRUE	GENCORD	UC282T_110204_7_sorted.bam	EGAF00000187232
UCT285	UC285	male	T-cell	naive	0	50bp	FALSE	TRUE	poly(A)	TRUE	TRUE	GENCORD	UC285T_110304_7_sorted.bam	EGAF00000187235
UCT304	UC304	female	T-cell	naive	0	50bp	FALSE	TRUE	poly(A)	TRUE	TRUE	GENCORD	UC304T_110204_1_sorted.bam	EGAF00000187238
