sample_id	genotype_id	sex	cell_type	condition	timepoint	read_length	stranded	paired	protocol	qtl_mapping	study	run_id	geo_sample_id	sequencing_center	flowcell	lane	self_reported_ethnic	AF_admixture	EU_admixture	ethnic_bin
EU270_L2	EU270	male	macrophage	Listeria	5	100bp	FALSE	FALSE	poly(A)	TRUE	Nedelec_2016	SRR3472064	GSM2141679	CHUSJ	run190	8	EA	1e-05	0.99999	EA
EU270_NI2	EU270	male	macrophage	naive	5	100bp	FALSE	FALSE	poly(A)	TRUE	Nedelec_2016	SRR3472065	GSM2141680	CHUSJ	run190	8	EA	1e-05	0.99999	EA
EU270_S2	EU270	male	macrophage	Salmonella	5	100bp	FALSE	FALSE	poly(A)	TRUE	Nedelec_2016	SRR3472066	GSM2141681	CHUSJ	run190	8	EA	1e-05	0.99999	EA
EU272_L2	EU272	male	macrophage	Listeria	5	100bp	FALSE	FALSE	poly(A)	TRUE	Nedelec_2016	SRR3472067	GSM2141682	CHUSJ	run192	1	EA	1e-05	0.99999	EA
EU272_NI2	EU272	male	macrophage	naive	5	100bp	FALSE	FALSE	poly(A)	TRUE	Nedelec_2016	SRR3472068	GSM2141683	CHUSJ	run192	1	EA	1e-05	0.99999	EA
EU272_S2	EU272	male	macrophage	Salmonella	5	100bp	FALSE	FALSE	poly(A)	TRUE	Nedelec_2016	SRR3472069	GSM2141684	CHUSJ	run192	1	EA	1e-05	0.99999	EA
EU274_L2	EU274	male	macrophage	Listeria	5	100bp	FALSE	FALSE	poly(A)	TRUE	Nedelec_2016	SRR3472070	GSM2141685	CHUSJ	run192	2	EA	1e-05	0.99999	EA
EU274_NI2	EU274	male	macrophage	naive	5	100bp	FALSE	FALSE	poly(A)	TRUE	Nedelec_2016	SRR3472071	GSM2141686	CHUSJ	run192	2	EA	1e-05	0.99999	EA
EU274_S2	EU274	male	macrophage	Salmonella	5	100bp	FALSE	FALSE	poly(A)	TRUE	Nedelec_2016	SRR3472072	GSM2141687	CHUSJ	run192	2	EA	1e-05	0.99999	EA
EU276_L2	EU276	male	macrophage	Listeria	5	100bp	FALSE	FALSE	poly(A)	TRUE	Nedelec_2016	SRR3472073	GSM2141688	CHUSJ	run192	3	EA	1e-05	0.99999	EA
EU276_NI2	EU276	male	macrophage	naive	5	100bp	FALSE	FALSE	poly(A)	TRUE	Nedelec_2016	SRR3472074	GSM2141689	CHUSJ	run192	3	EA	1e-05	0.99999	EA
EU276_S2	EU276	male	macrophage	Salmonella	5	100bp	FALSE	FALSE	poly(A)	TRUE	Nedelec_2016	SRR3472075	GSM2141690	CHUSJ	run192	3	EA	1e-05	0.99999	EA
EU278_L2	EU278	male	macrophage	Listeria	5	100bp	FALSE	FALSE	poly(A)	TRUE	Nedelec_2016	SRR3472076	GSM2141691	CHUSJ	run185	6	EA	1e-05	0.99999	EA
EU278_NI2	EU278	male	macrophage	naive	5	100bp	FALSE	FALSE	poly(A)	TRUE	Nedelec_2016	SRR3472077	GSM2141692	CHUSJ	run185	6	EA	1e-05	0.99999	EA
EU278_S2	EU278	male	macrophage	Salmonella	5	100bp	FALSE	FALSE	poly(A)	TRUE	Nedelec_2016	SRR3472078	GSM2141693	CHUSJ	run185	6	EA	1e-05	0.99999	EA
EU280_L2	EU280	male	macrophage	Listeria	5	100bp	FALSE	FALSE	poly(A)	TRUE	Nedelec_2016	SRR3472079	GSM2141694	CHUSJ	run192	4	EA	1e-05	0.99999	EA
EU280_NI2	EU280	male	macrophage	naive	5	100bp	FALSE	FALSE	poly(A)	TRUE	Nedelec_2016	SRR3472080	GSM2141695	CHUSJ	run192	4	EA	1e-05	0.99999	EA
EU280_S2	EU280	male	macrophage	Salmonella	5	100bp	FALSE	FALSE	poly(A)	TRUE	Nedelec_2016	SRR3472081	GSM2141696	CHUSJ	run192	4	EA	1e-05	0.99999	EA
EU282_L2	EU282	male	macrophage	Listeria	5	100bp	FALSE	FALSE	poly(A)	TRUE	Nedelec_2016	SRR3472082	GSM2141697	CHUSJ	run192	5	EA	1e-05	0.99999	EA
EU282_NI2	EU282	male	macrophage	naive	5	100bp	FALSE	FALSE	poly(A)	TRUE	Nedelec_2016	SRR3472083	GSM2141698	CHUSJ	run192	5	EA	1e-05	0.99999	EA
EU282_S2	EU282	male	macrophage	Salmonella	5	100bp	FALSE	FALSE	poly(A)	TRUE	Nedelec_2016	SRR3472084	GSM2141699	CHUSJ	run192	5	EA	1e-05	0.99999	EA
EU284_L2	EU284	male	macrophage	Listeria	5	100bp	FALSE	FALSE	poly(A)	TRUE	Nedelec_2016	SRR3472085	GSM2141700	CHUSJ	run192	6	EA	0.021487	0.978513	EA
EU284_NI2	EU284	male	macrophage	naive	5	100bp	FALSE	FALSE	poly(A)	TRUE	Nedelec_2016	SRR3472086	GSM2141701	CHUSJ	run192	6	EA	0.021487	0.978513	EA
EU284_S2	EU284	male	macrophage	Salmonella	5	100bp	FALSE	FALSE	poly(A)	TRUE	Nedelec_2016	SRR3472087	GSM2141702	CHUSJ	run192	6	EA	0.021487	0.978513	EA
EU286_L2	EU286	male	macrophage	Listeria	5	100bp	FALSE	FALSE	poly(A)	TRUE	Nedelec_2016	SRR3472088	GSM2141703	CHUSJ	run192	7	EA	1e-05	0.99999	EA
EU286_NI2	EU286	male	macrophage	naive	5	100bp	FALSE	FALSE	poly(A)	TRUE	Nedelec_2016	SRR3472089	GSM2141704	CHUSJ	run192	7	EA	1e-05	0.99999	EA
EU286_S2	EU286	male	macrophage	Salmonella	5	100bp	FALSE	FALSE	poly(A)	TRUE	Nedelec_2016	SRR3472090	GSM2141705	CHUSJ	run192	7	EA	1e-05	0.99999	EA
EU288_L2	EU288	male	macrophage	Listeria	5	100bp	FALSE	FALSE	poly(A)	TRUE	Nedelec_2016	SRR3472091	GSM2141706	CHUSJ	run185	7	EA	1e-05	0.99999	EA
EU288_NI2	EU288	male	macrophage	naive	5	100bp	FALSE	FALSE	poly(A)	TRUE	Nedelec_2016	SRR3472092	GSM2141707	CHUSJ	run185	7	EA	1e-05	0.99999	EA
EU288_S2	EU288	male	macrophage	Salmonella	5	100bp	FALSE	FALSE	poly(A)	TRUE	Nedelec_2016	SRR3472093	GSM2141708	CHUSJ	run185	7	EA	1e-05	0.99999	EA
EU290_L2	EU290	male	macrophage	Listeria	5	100bp	FALSE	FALSE	poly(A)	TRUE	Nedelec_2016	SRR3472094	GSM2141709	CHUSJ	run185	8	EA	1e-05	0.99999	EA
EU290_NI2	EU290	male	macrophage	naive	5	100bp	FALSE	FALSE	poly(A)	TRUE	Nedelec_2016	SRR3472095	GSM2141710	CHUSJ	run185	8	EA	1e-05	0.99999	EA
EU290_S2	EU290	male	macrophage	Salmonella	5	100bp	FALSE	FALSE	poly(A)	TRUE	Nedelec_2016	SRR3472096	GSM2141711	CHUSJ	run185	8	EA	1e-05	0.99999	EA
EU294_L2	EU294	male	macrophage	Listeria	5	100bp	FALSE	FALSE	poly(A)	TRUE	Nedelec_2016	SRR3472097	GSM2141712	CHUSJ	run266	5	EA	1e-05	0.99999	EA
EU294_NI2	EU294	male	macrophage	naive	5	100bp	FALSE	FALSE	poly(A)	TRUE	Nedelec_2016	SRR3472098	GSM2141713	CHUSJ	run266	5	EA	1e-05	0.99999	EA
EU294_S2	EU294	male	macrophage	Salmonella	5	100bp	FALSE	FALSE	poly(A)	TRUE	Nedelec_2016	SRR3472099	GSM2141714	CHUSJ	run266	5	EA	1e-05	0.99999	EA
EU296_L2	EU296	male	macrophage	Listeria	5	100bp	FALSE	FALSE	poly(A)	TRUE	Nedelec_2016	SRR3472100	GSM2141715	CHUSJ	run266	5	EA	1e-05	0.99999	EA
EU296_NI2	EU296	male	macrophage	naive	5	100bp	FALSE	FALSE	poly(A)	TRUE	Nedelec_2016	SRR3472101	GSM2141716	CHUSJ	run266	5	EA	1e-05	0.99999	EA
EU296_S2	EU296	male	macrophage	Salmonella	5	100bp	FALSE	FALSE	poly(A)	TRUE	Nedelec_2016	SRR3472102	GSM2141717	CHUSJ	run266	5	EA	1e-05	0.99999	EA
EU298_L2	EU298	male	macrophage	Listeria	5	100bp	FALSE	FALSE	poly(A)	TRUE	Nedelec_2016	SRR3472103	GSM2141718	CHUSJ	run191	8	EA	1e-05	0.99999	EA
EU298_NI2	EU298	male	macrophage	naive	5	100bp	FALSE	FALSE	poly(A)	TRUE	Nedelec_2016	SRR3472104	GSM2141719	CHUSJ	run191	8	EA	1e-05	0.99999	EA
EU298_S2	EU298	male	macrophage	Salmonella	5	100bp	FALSE	FALSE	poly(A)	TRUE	Nedelec_2016	SRR3472105	GSM2141720	CHUSJ	run191	8	EA	1e-05	0.99999	EA
EU300_L2	EU300	male	macrophage	Listeria	5	100bp	FALSE	FALSE	poly(A)	TRUE	Nedelec_2016	SRR3472106	GSM2141721	CHUSJ	run192	8	EA	1e-05	0.99999	EA
EU300_NI2	EU300	male	macrophage	naive	5	100bp	FALSE	FALSE	poly(A)	TRUE	Nedelec_2016	SRR3472107	GSM2141722	CHUSJ	run192	8	EA	1e-05	0.99999	EA
EU300_S2	EU300	male	macrophage	Salmonella	5	100bp	FALSE	FALSE	poly(A)	TRUE	Nedelec_2016	SRR3472108	GSM2141723	CHUSJ	run192	8	EA	1e-05	0.99999	EA
EU302_L2	EU302	male	macrophage	Listeria	5	100bp	FALSE	FALSE	poly(A)	TRUE	Nedelec_2016	SRR3472109	GSM2141724	CHUSJ	run181	1	EA	1e-05	0.99999	EA
EU302_NI2	EU302	male	macrophage	naive	5	100bp	FALSE	FALSE	poly(A)	TRUE	Nedelec_2016	SRR3472110	GSM2141725	CHUSJ	run181	1	EA	1e-05	0.99999	EA
EU302_S2	EU302	male	macrophage	Salmonella	5	100bp	FALSE	FALSE	poly(A)	TRUE	Nedelec_2016	SRR3472111	GSM2141726	CHUSJ	run181	1	EA	1e-05	0.99999	EA
EU306_L2	EU306	male	macrophage	Listeria	5	100bp	FALSE	FALSE	poly(A)	TRUE	Nedelec_2016	SRR3472112	GSM2141727	CHUSJ	run181	1	EA	1e-05	0.99999	EA
EU306_NI2	EU306	male	macrophage	naive	5	100bp	FALSE	FALSE	poly(A)	TRUE	Nedelec_2016	SRR3472113	GSM2141728	CHUSJ	run181	1	EA	1e-05	0.99999	EA
EU306_S2	EU306	male	macrophage	Salmonella	5	100bp	FALSE	FALSE	poly(A)	TRUE	Nedelec_2016	SRR3472114	GSM2141729	CHUSJ	run181	1	EA	1e-05	0.99999	EA
EU40_L2	EU40	male	macrophage	Listeria	5	100bp	FALSE	FALSE	poly(A)	TRUE	Nedelec_2016	SRR3472115	GSM2141730	IC	run786	3	EA	1e-05	0.99999	EA
EU40_NI2	EU40	male	macrophage	naive	5	100bp	FALSE	FALSE	poly(A)	TRUE	Nedelec_2016	SRR3472116	GSM2141731	CHUSJ	run266	7	EA	1e-05	0.99999	EA
EU40_S2	EU40	male	macrophage	Salmonella	5	100bp	FALSE	FALSE	poly(A)	TRUE	Nedelec_2016	SRR3472117	GSM2141732	IC	run786	3	EA	1e-05	0.99999	EA
EU56_L2	EU56	male	macrophage	Listeria	5	100bp	FALSE	FALSE	poly(A)	TRUE	Nedelec_2016	SRR3472118	GSM2141733	IC	run786	7	EA	1e-05	0.99999	EA
EU56_NI2	EU56	male	macrophage	naive	5	100bp	FALSE	FALSE	poly(A)	TRUE	Nedelec_2016	SRR3472119	GSM2141734	IC	run786	7	EA	1e-05	0.99999	EA
EU56_S2	EU56	male	macrophage	Salmonella	5	100bp	FALSE	FALSE	poly(A)	TRUE	Nedelec_2016	SRR3472120	GSM2141735	CHUSJ	run266	7	EA	1e-05	0.99999	EA
EU96_L2	EU96	male	macrophage	Listeria	5	100bp	FALSE	FALSE	poly(A)	TRUE	Nedelec_2016	SRR3472121	GSM2141736	CHUSJ	run152	1	EA	0.182632	0.817368	EA
EU96_NI2	EU96	male	macrophage	naive	5	100bp	FALSE	FALSE	poly(A)	TRUE	Nedelec_2016	SRR3472122	GSM2141737	CHUSJ	run152	1	EA	0.182632	0.817368	EA
EU96_S2	EU96	male	macrophage	Salmonella	5	100bp	FALSE	FALSE	poly(A)	TRUE	Nedelec_2016	SRR3472123	GSM2141738	CHUSJ	run152	1	EA	0.182632	0.817368	EA
EU230_S2	EU230	male	macrophage	Salmonella	5	100bp	FALSE	FALSE	poly(A)	TRUE	Nedelec_2016	SRR3472024	GSM2141639	CHUSJ	run266	7	EA	1e-05	0.99999	EA
EU232_L2	EU232	male	macrophage	Listeria	5	100bp	FALSE	FALSE	poly(A)	TRUE	Nedelec_2016	SRR3472025	GSM2141640	CHUSJ	run156	8	EA	1e-05	0.99999	EA
EU232_NI2	EU232	male	macrophage	naive	5	100bp	FALSE	FALSE	poly(A)	TRUE	Nedelec_2016	SRR3472026	GSM2141641	CHUSJ	run156	8	EA	1e-05	0.99999	EA
EU232_S2	EU232	male	macrophage	Salmonella	5	100bp	FALSE	FALSE	poly(A)	TRUE	Nedelec_2016	SRR3472027	GSM2141642	CHUSJ	run156	8	EA	1e-05	0.99999	EA
EU238_L2	EU238	male	macrophage	Listeria	5	100bp	FALSE	FALSE	poly(A)	TRUE	Nedelec_2016	SRR3472028	GSM2141643	CHUSJ	run185	1	EA	1e-05	0.99999	EA
EU238_NI2	EU238	male	macrophage	naive	5	100bp	FALSE	FALSE	poly(A)	TRUE	Nedelec_2016	SRR3472029	GSM2141644	CHUSJ	run185	1	EA	1e-05	0.99999	EA
EU238_S2	EU238	male	macrophage	Salmonella	5	100bp	FALSE	FALSE	poly(A)	TRUE	Nedelec_2016	SRR3472030	GSM2141645	CHUSJ	run185	1	EA	1e-05	0.99999	EA
EU240_L2	EU240	male	macrophage	Listeria	5	100bp	FALSE	FALSE	poly(A)	TRUE	Nedelec_2016	SRR3472031	GSM2141646	CHUSJ	run185	2	EA	1e-05	0.99999	EA
EU240_S2	EU240	male	macrophage	Salmonella	5	100bp	FALSE	FALSE	poly(A)	TRUE	Nedelec_2016	SRR3472032	GSM2141647	CHUSJ	run185	2	EA	1e-05	0.99999	EA
EU242_L2	EU242	male	macrophage	Listeria	5	100bp	FALSE	FALSE	poly(A)	TRUE	Nedelec_2016	SRR3472033	GSM2141648	CHUSJ	run185	3	EA	1e-05	0.99999	EA
EU242_NI2	EU242	male	macrophage	naive	5	100bp	FALSE	FALSE	poly(A)	TRUE	Nedelec_2016	SRR3472034	GSM2141649	CHUSJ	run185	3	EA	1e-05	0.99999	EA
EU242_S2	EU242	male	macrophage	Salmonella	5	100bp	FALSE	FALSE	poly(A)	TRUE	Nedelec_2016	SRR3472035	GSM2141650	CHUSJ	run185	3	EA	1e-05	0.99999	EA
EU246_L2	EU246	male	macrophage	Listeria	5	100bp	FALSE	FALSE	poly(A)	TRUE	Nedelec_2016	SRR3472036	GSM2141651	CHUSJ	run193	7	EA	1e-05	0.99999	EA
EU246_S2	EU246	male	macrophage	Salmonella	5	100bp	FALSE	FALSE	poly(A)	TRUE	Nedelec_2016	SRR3472037	GSM2141652	CHUSJ	run266	7	EA	1e-05	0.99999	EA
EU248_L2	EU248	male	macrophage	Listeria	5	100bp	FALSE	FALSE	poly(A)	TRUE	Nedelec_2016	SRR3472038	GSM2141653	CHUSJ	run185	4	EA	1e-05	0.99999	EA
EU248_NI2	EU248	male	macrophage	naive	5	100bp	FALSE	FALSE	poly(A)	TRUE	Nedelec_2016	SRR3472039	GSM2141654	CHUSJ	run185	4	EA	1e-05	0.99999	EA
EU248_S2	EU248	male	macrophage	Salmonella	5	100bp	FALSE	FALSE	poly(A)	TRUE	Nedelec_2016	SRR3472040	GSM2141655	CHUSJ	run192	3	EA	1e-05	0.99999	EA
EU252_NI2	EU252	male	macrophage	naive	5	100bp	FALSE	FALSE	poly(A)	TRUE	Nedelec_2016	SRR3472041	GSM2141656	CHUSJ	run156	7	EA	1e-05	0.99999	EA
EU252_S2	EU252	male	macrophage	Salmonella	5	100bp	FALSE	FALSE	poly(A)	TRUE	Nedelec_2016	SRR3472042	GSM2141657	CHUSJ	run156	7	EA	1e-05	0.99999	EA
EU254_L2	EU254	male	macrophage	Listeria	5	100bp	FALSE	FALSE	poly(A)	TRUE	Nedelec_2016	SRR3472043	GSM2141658	CHUSJ	run185	5	EA	1e-05	0.99999	EA
EU254_NI2	EU254	male	macrophage	naive	5	100bp	FALSE	FALSE	poly(A)	TRUE	Nedelec_2016	SRR3472044	GSM2141659	CHUSJ	run185	5	EA	1e-05	0.99999	EA
EU254_S2	EU254	male	macrophage	Salmonella	5	100bp	FALSE	FALSE	poly(A)	TRUE	Nedelec_2016	SRR3472045	GSM2141660	CHUSJ	run185	5	EA	1e-05	0.99999	EA
EU258_L2	EU258	male	macrophage	Listeria	5	100bp	FALSE	FALSE	poly(A)	TRUE	Nedelec_2016	SRR3472046	GSM2141661	CHUSJ	run190	2	EA	1e-05	0.99999	EA
EU258_NI2	EU258	male	macrophage	naive	5	100bp	FALSE	FALSE	poly(A)	TRUE	Nedelec_2016	SRR3472047	GSM2141662	CHUSJ	run190	2	EA	1e-05	0.99999	EA
EU258_S2	EU258	male	macrophage	Salmonella	5	100bp	FALSE	FALSE	poly(A)	TRUE	Nedelec_2016	SRR3472048	GSM2141663	CHUSJ	run190	2	EA	1e-05	0.99999	EA
EU260_L2	EU260	male	macrophage	Listeria	5	100bp	FALSE	FALSE	poly(A)	TRUE	Nedelec_2016	SRR3472049	GSM2141664	CHUSJ	run190	3	EA	1e-05	0.99999	EA
EU260_NI2	EU260	male	macrophage	naive	5	100bp	FALSE	FALSE	poly(A)	TRUE	Nedelec_2016	SRR3472050	GSM2141665	CHUSJ	run190	3	EA	1e-05	0.99999	EA
EU260_S2	EU260	male	macrophage	Salmonella	5	100bp	FALSE	FALSE	poly(A)	TRUE	Nedelec_2016	SRR3472051	GSM2141666	CHUSJ	run190	3	EA	1e-05	0.99999	EA
EU262_L2	EU262	male	macrophage	Listeria	5	100bp	FALSE	FALSE	poly(A)	TRUE	Nedelec_2016	SRR3472052	GSM2141667	CHUSJ	run190	4	EA	1e-05	0.99999	EA
EU262_NI2	EU262	male	macrophage	naive	5	100bp	FALSE	FALSE	poly(A)	TRUE	Nedelec_2016	SRR3472053	GSM2141668	CHUSJ	run190	4	EA	1e-05	0.99999	EA
EU262_S2	EU262	male	macrophage	Salmonella	5	100bp	FALSE	FALSE	poly(A)	TRUE	Nedelec_2016	SRR3472054	GSM2141669	CHUSJ	run190	4	EA	1e-05	0.99999	EA
EU264_L2	EU264	male	macrophage	Listeria	5	100bp	FALSE	FALSE	poly(A)	TRUE	Nedelec_2016	SRR3472055	GSM2141670	CHUSJ	run190	5	EA	1e-05	0.99999	EA
EU264_NI2	EU264	male	macrophage	naive	5	100bp	FALSE	FALSE	poly(A)	TRUE	Nedelec_2016	SRR3472056	GSM2141671	CHUSJ	run190	5	EA	1e-05	0.99999	EA
EU264_S2	EU264	male	macrophage	Salmonella	5	100bp	FALSE	FALSE	poly(A)	TRUE	Nedelec_2016	SRR3472057	GSM2141672	CHUSJ	run190	5	EA	1e-05	0.99999	EA
EU266_L2	EU266	male	macrophage	Listeria	5	100bp	FALSE	FALSE	poly(A)	TRUE	Nedelec_2016	SRR3472058	GSM2141673	CHUSJ	run190	6	EA	1e-05	0.99999	EA
EU266_NI2	EU266	male	macrophage	naive	5	100bp	FALSE	FALSE	poly(A)	TRUE	Nedelec_2016	SRR3472059	GSM2141674	CHUSJ	run190	6	EA	1e-05	0.99999	EA
EU266_S2	EU266	male	macrophage	Salmonella	5	100bp	FALSE	FALSE	poly(A)	TRUE	Nedelec_2016	SRR3472060	GSM2141675	CHUSJ	run190	6	EA	1e-05	0.99999	EA
EU268_L2	EU268	male	macrophage	Listeria	5	100bp	FALSE	FALSE	poly(A)	TRUE	Nedelec_2016	SRR3472061	GSM2141676	CHUSJ	run190	7	EA	1e-05	0.99999	EA
EU268_NI2	EU268	male	macrophage	naive	5	100bp	FALSE	FALSE	poly(A)	TRUE	Nedelec_2016	SRR3472062	GSM2141677	CHUSJ	run190	7	EA	1e-05	0.99999	EA
EU268_S2	EU268	male	macrophage	Salmonella	5	100bp	FALSE	FALSE	poly(A)	TRUE	Nedelec_2016	SRR3472063	GSM2141678	CHUSJ	run190	7	EA	1e-05	0.99999	EA
EU138_S2	EU138	male	macrophage	Salmonella	5	100bp	FALSE	FALSE	poly(A)	TRUE	Nedelec_2016	SRR3471964	GSM2141579	CHUSJ	run156	1	EA	1e-05	0.99999	EA
EU140_L2	EU140	male	macrophage	Listeria	5	100bp	FALSE	FALSE	poly(A)	TRUE	Nedelec_2016	SRR3471965	GSM2141580	CHUSJ	run191	6	EA	1e-05	0.99999	EA
EU140_NI2	EU140	male	macrophage	naive	5	100bp	FALSE	FALSE	poly(A)	TRUE	Nedelec_2016	SRR3471966	GSM2141581	CHUSJ	run191	6	EA	1e-05	0.99999	EA
EU140_S2	EU140	male	macrophage	Salmonella	5	100bp	FALSE	FALSE	poly(A)	TRUE	Nedelec_2016	SRR3471967	GSM2141582	CHUSJ	run191	6	EA	1e-05	0.99999	EA
EU144_L2	EU144	male	macrophage	Listeria	5	100bp	FALSE	FALSE	poly(A)	TRUE	Nedelec_2016	SRR3471968	GSM2141583	CHUSJ	run193	1	EA	1e-05	0.99999	EA
EU144_NI2	EU144	male	macrophage	naive	5	100bp	FALSE	FALSE	poly(A)	TRUE	Nedelec_2016	SRR3471969	GSM2141584	CHUSJ	run193	1	EA	1e-05	0.99999	EA
EU144_S2	EU144	male	macrophage	Salmonella	5	100bp	FALSE	FALSE	poly(A)	TRUE	Nedelec_2016	SRR3471970	GSM2141585	CHUSJ	run193	1	EA	1e-05	0.99999	EA
EU148_L2	EU148	male	macrophage	Listeria	5	100bp	FALSE	FALSE	poly(A)	TRUE	Nedelec_2016	SRR3471971	GSM2141586	CHUSJ	run193	2	EA	1e-05	0.99999	EA
EU148_NI2	EU148	male	macrophage	naive	5	100bp	FALSE	FALSE	poly(A)	TRUE	Nedelec_2016	SRR3471972	GSM2141587	CHUSJ	run193	2	EA	1e-05	0.99999	EA
EU148_S2	EU148	male	macrophage	Salmonella	5	100bp	FALSE	FALSE	poly(A)	TRUE	Nedelec_2016	SRR3471973	GSM2141588	CHUSJ	run193	2	EA	1e-05	0.99999	EA
EU152_L2	EU152	male	macrophage	Listeria	5	100bp	FALSE	FALSE	poly(A)	TRUE	Nedelec_2016	SRR3471974	GSM2141589	CHUSJ	run191	7	EA	1e-05	0.99999	EA
EU152_NI2	EU152	male	macrophage	naive	5	100bp	FALSE	FALSE	poly(A)	TRUE	Nedelec_2016	SRR3471975	GSM2141590	CHUSJ	run191	7	EA	1e-05	0.99999	EA
EU152_S2	EU152	male	macrophage	Salmonella	5	100bp	FALSE	FALSE	poly(A)	TRUE	Nedelec_2016	SRR3471976	GSM2141591	CHUSJ	run191	7	EA	1e-05	0.99999	EA
EU156_L2	EU156	male	macrophage	Listeria	5	100bp	FALSE	FALSE	poly(A)	TRUE	Nedelec_2016	SRR3471977	GSM2141592	CHUSJ	run193	3	EA	0.083263	0.916737	EA
EU156_NI2	EU156	male	macrophage	naive	5	100bp	FALSE	FALSE	poly(A)	TRUE	Nedelec_2016	SRR3471978	GSM2141593	CHUSJ	run193	3	EA	0.083263	0.916737	EA
EU156_S2	EU156	male	macrophage	Salmonella	5	100bp	FALSE	FALSE	poly(A)	TRUE	Nedelec_2016	SRR3471979	GSM2141594	CHUSJ	run193	3	EA	0.083263	0.916737	EA
EU162_L2	EU162	male	macrophage	Listeria	5	100bp	FALSE	FALSE	poly(A)	TRUE	Nedelec_2016	SRR3471980	GSM2141595	CHUSJ	run193	4	EA	1e-05	0.99999	EA
EU162_NI2	EU162	male	macrophage	naive	5	100bp	FALSE	FALSE	poly(A)	TRUE	Nedelec_2016	SRR3471981	GSM2141596	CHUSJ	run193	4	EA	1e-05	0.99999	EA
EU162_S2	EU162	male	macrophage	Salmonella	5	100bp	FALSE	FALSE	poly(A)	TRUE	Nedelec_2016	SRR3471982	GSM2141597	CHUSJ	run193	4	EA	1e-05	0.99999	EA
EU164_L2	EU164	male	macrophage	Listeria	5	100bp	FALSE	FALSE	poly(A)	TRUE	Nedelec_2016	SRR3471983	GSM2141598	CHUSJ	run191	1	EA	1e-05	0.99999	EA
EU164_NI2	EU164	male	macrophage	naive	5	100bp	FALSE	FALSE	poly(A)	TRUE	Nedelec_2016	SRR3471984	GSM2141599	CHUSJ	run191	1	EA	1e-05	0.99999	EA
EU164_S2	EU164	male	macrophage	Salmonella	5	100bp	FALSE	FALSE	poly(A)	TRUE	Nedelec_2016	SRR3471985	GSM2141600	CHUSJ	run191	1	EA	1e-05	0.99999	EA
EU168_L2	EU168	male	macrophage	Listeria	5	100bp	FALSE	FALSE	poly(A)	TRUE	Nedelec_2016	SRR3471986	GSM2141601	CHUSJ	run156	4	EA	1e-05	0.99999	EA
EU168_NI2	EU168	male	macrophage	naive	5	100bp	FALSE	FALSE	poly(A)	TRUE	Nedelec_2016	SRR3471987	GSM2141602	CHUSJ	run156	4	EA	1e-05	0.99999	EA
EU168_S2	EU168	male	macrophage	Salmonella	5	100bp	FALSE	FALSE	poly(A)	TRUE	Nedelec_2016	SRR3471988	GSM2141603	CHUSJ	run156	4	EA	1e-05	0.99999	EA
EU170_L2	EU170	male	macrophage	Listeria	5	100bp	FALSE	FALSE	poly(A)	TRUE	Nedelec_2016	SRR3471989	GSM2141604	CHUSJ	run156	5	EA	1e-05	0.99999	EA
EU170_NI2	EU170	male	macrophage	naive	5	100bp	FALSE	FALSE	poly(A)	TRUE	Nedelec_2016	SRR3471990	GSM2141605	CHUSJ	run156	5	EA	1e-05	0.99999	EA
EU170_S2	EU170	male	macrophage	Salmonella	5	100bp	FALSE	FALSE	poly(A)	TRUE	Nedelec_2016	SRR3471991	GSM2141606	CHUSJ	run156	5	EA	1e-05	0.99999	EA
EU184_L2	EU184	male	macrophage	Listeria	5	100bp	FALSE	FALSE	poly(A)	TRUE	Nedelec_2016	SRR3471992	GSM2141607	CHUSJ	run152	8	EA	1e-05	0.99999	EA
EU184_NI2	EU184	male	macrophage	naive	5	100bp	FALSE	FALSE	poly(A)	TRUE	Nedelec_2016	SRR3471993	GSM2141608	CHUSJ	run152	8	EA	1e-05	0.99999	EA
EU184_S2	EU184	male	macrophage	Salmonella	5	100bp	FALSE	FALSE	poly(A)	TRUE	Nedelec_2016	SRR3471994	GSM2141609	CHUSJ	run152	8	EA	1e-05	0.99999	EA
EU186_L2	EU186	male	macrophage	Listeria	5	100bp	FALSE	FALSE	poly(A)	TRUE	Nedelec_2016	SRR3471995	GSM2141610	CHUSJ	run266	6	EA	1e-05	0.99999	EA
EU186_NI2	EU186	male	macrophage	naive	5	100bp	FALSE	FALSE	poly(A)	TRUE	Nedelec_2016	SRR3471996	GSM2141611	CHUSJ	run266	6	EA	1e-05	0.99999	EA
EU186_S2	EU186	male	macrophage	Salmonella	5	100bp	FALSE	FALSE	poly(A)	TRUE	Nedelec_2016	SRR3471997	GSM2141612	CHUSJ	run266	6	EA	1e-05	0.99999	EA
EU190_L2	EU190	male	macrophage	Listeria	5	100bp	FALSE	FALSE	poly(A)	TRUE	Nedelec_2016	SRR3471998	GSM2141613	CHUSJ	run191	3	EA	1e-05	0.99999	EA
EU190_NI2	EU190	male	macrophage	naive	5	100bp	FALSE	FALSE	poly(A)	TRUE	Nedelec_2016	SRR3471999	GSM2141614	CHUSJ	run191	3	EA	1e-05	0.99999	EA
EU190_S2	EU190	male	macrophage	Salmonella	5	100bp	FALSE	FALSE	poly(A)	TRUE	Nedelec_2016	SRR3472000	GSM2141615	CHUSJ	run191	3	EA	1e-05	0.99999	EA
EU200_L2	EU200	male	macrophage	Listeria	5	100bp	FALSE	FALSE	poly(A)	TRUE	Nedelec_2016	SRR3472001	GSM2141616	CHUSJ	run191	4	EA	0.019008	0.980992	EA
EU200_NI2	EU200	male	macrophage	naive	5	100bp	FALSE	FALSE	poly(A)	TRUE	Nedelec_2016	SRR3472002	GSM2141617	CHUSJ	run191	4	EA	0.019008	0.980992	EA
EU200_S2	EU200	male	macrophage	Salmonella	5	100bp	FALSE	FALSE	poly(A)	TRUE	Nedelec_2016	SRR3472003	GSM2141618	CHUSJ	run191	4	EA	0.019008	0.980992	EA
EU202_L2	EU202	male	macrophage	Listeria	5	100bp	FALSE	FALSE	poly(A)	TRUE	Nedelec_2016	SRR3472004	GSM2141619	CHUSJ	run156	8	EA	1e-05	0.99999	EA
EU202_NI2	EU202	male	macrophage	naive	5	100bp	FALSE	FALSE	poly(A)	TRUE	Nedelec_2016	SRR3472005	GSM2141620	CHUSJ	run156	8	EA	1e-05	0.99999	EA
EU202_S2	EU202	male	macrophage	Salmonella	5	100bp	FALSE	FALSE	poly(A)	TRUE	Nedelec_2016	SRR3472006	GSM2141621	CHUSJ	run156	8	EA	1e-05	0.99999	EA
EU210_L2	EU210	male	macrophage	Listeria	5	100bp	FALSE	FALSE	poly(A)	TRUE	Nedelec_2016	SRR3472007	GSM2141622	CHUSJ	run193	5	EA	1e-05	0.99999	EA
EU210_NI2	EU210	male	macrophage	naive	5	100bp	FALSE	FALSE	poly(A)	TRUE	Nedelec_2016	SRR3472008	GSM2141623	CHUSJ	run193	5	EA	1e-05	0.99999	EA
EU210_S2	EU210	male	macrophage	Salmonella	5	100bp	FALSE	FALSE	poly(A)	TRUE	Nedelec_2016	SRR3472009	GSM2141624	CHUSJ	run193	5	EA	1e-05	0.99999	EA
EU212_L2	EU212	male	macrophage	Listeria	5	100bp	FALSE	FALSE	poly(A)	TRUE	Nedelec_2016	SRR3472010	GSM2141625	CHUSJ	run193	6	EA	1e-05	0.99999	EA
EU212_NI2	EU212	male	macrophage	naive	5	100bp	FALSE	FALSE	poly(A)	TRUE	Nedelec_2016	SRR3472011	GSM2141626	CHUSJ	run193	6	EA	1e-05	0.99999	EA
EU212_S2	EU212	male	macrophage	Salmonella	5	100bp	FALSE	FALSE	poly(A)	TRUE	Nedelec_2016	SRR3472012	GSM2141627	CHUSJ	run193	6	EA	1e-05	0.99999	EA
EU214_L2	EU214	male	macrophage	Listeria	5	100bp	FALSE	FALSE	poly(A)	TRUE	Nedelec_2016	SRR3472013	GSM2141628	CHUSJ	run156	6	EA	1e-05	0.99999	EA
EU214_NI2	EU214	male	macrophage	naive	5	100bp	FALSE	FALSE	poly(A)	TRUE	Nedelec_2016	SRR3472014	GSM2141629	CHUSJ	run156	6	EA	1e-05	0.99999	EA
EU214_S2	EU214	male	macrophage	Salmonella	5	100bp	FALSE	FALSE	poly(A)	TRUE	Nedelec_2016	SRR3472015	GSM2141630	CHUSJ	run156	6	EA	1e-05	0.99999	EA
EU216_L2	EU216	male	macrophage	Listeria	5	100bp	FALSE	FALSE	poly(A)	TRUE	Nedelec_2016	SRR3472016	GSM2141631	CHUSJ	run266	6	EA	1e-05	0.99999	EA
EU216_NI2	EU216	male	macrophage	naive	5	100bp	FALSE	FALSE	poly(A)	TRUE	Nedelec_2016	SRR3472017	GSM2141632	CHUSJ	run266	6	EA	1e-05	0.99999	EA
EU216_S2	EU216	male	macrophage	Salmonella	5	100bp	FALSE	FALSE	poly(A)	TRUE	Nedelec_2016	SRR3472018	GSM2141633	CHUSJ	run266	6	EA	1e-05	0.99999	EA
EU224_L2	EU224	male	macrophage	Listeria	5	100bp	FALSE	FALSE	poly(A)	TRUE	Nedelec_2016	SRR3472019	GSM2141634	CHUSJ	run193	8	EA	1e-05	0.99999	EA
EU224_NI2	EU224	male	macrophage	naive	5	100bp	FALSE	FALSE	poly(A)	TRUE	Nedelec_2016	SRR3472020	GSM2141635	CHUSJ	run193	8	EA	1e-05	0.99999	EA
EU224_S2	EU224	male	macrophage	Salmonella	5	100bp	FALSE	FALSE	poly(A)	TRUE	Nedelec_2016	SRR3472021	GSM2141636	CHUSJ	run193	8	EA	1e-05	0.99999	EA
EU230_L2	EU230	male	macrophage	Listeria	5	100bp	FALSE	FALSE	poly(A)	TRUE	Nedelec_2016	SRR3472022	GSM2141637	CHUSJ	run266	7	EA	1e-05	0.99999	EA
EU230_NI2	EU230	male	macrophage	naive	5	100bp	FALSE	FALSE	poly(A)	TRUE	Nedelec_2016	SRR3472023	GSM2141638	CHUSJ	run266	7	EA	1e-05	0.99999	EA
AF93_NI2	AF93	male	macrophage	naive	5	100bp	FALSE	FALSE	poly(A)	TRUE	Nedelec_2016	SRR3471924	GSM2141539	CHUSJ	run152	3	AA	0.464724	0.535276	NA
AF93_S2	AF93	male	macrophage	Salmonella	5	100bp	FALSE	FALSE	poly(A)	TRUE	Nedelec_2016	SRR3471925	GSM2141540	CHUSJ	run152	3	AA	0.464724	0.535276	NA
AF95_L2	AF95	male	macrophage	Listeria	5	100bp	FALSE	FALSE	poly(A)	TRUE	Nedelec_2016	SRR3471926	GSM2141541	CHUSJ	run152	4	AA	0.889371	0.110629	AA
AF95_NI2	AF95	male	macrophage	naive	5	100bp	FALSE	FALSE	poly(A)	TRUE	Nedelec_2016	SRR3471927	GSM2141542	CHUSJ	run152	4	AA	0.889371	0.110629	AA
AF95_S2	AF95	male	macrophage	Salmonella	5	100bp	FALSE	FALSE	poly(A)	TRUE	Nedelec_2016	SRR3471928	GSM2141543	CHUSJ	run152	4	AA	0.889371	0.110629	AA
AF97_L2	AF97	male	macrophage	Listeria	5	100bp	FALSE	FALSE	poly(A)	TRUE	Nedelec_2016	SRR3471929	GSM2141544	CHUSJ	run156	3	AA	1e-05	0.99999	EA
AF97_NI2	AF97	male	macrophage	naive	5	100bp	FALSE	FALSE	poly(A)	TRUE	Nedelec_2016	SRR3471930	GSM2141545	CHUSJ	run156	3	AA	1e-05	0.99999	EA
AF97_S2	AF97	male	macrophage	Salmonella	5	100bp	FALSE	FALSE	poly(A)	TRUE	Nedelec_2016	SRR3471931	GSM2141546	CHUSJ	run156	3	AA	1e-05	0.99999	EA
EU104_L2	EU104	male	macrophage	Listeria	5	100bp	FALSE	FALSE	poly(A)	TRUE	Nedelec_2016	SRR3471932	GSM2141547	CHUSJ	run152	2	EA	1e-05	0.99999	EA
EU104_NI2	EU104	male	macrophage	naive	5	100bp	FALSE	FALSE	poly(A)	TRUE	Nedelec_2016	SRR3471933	GSM2141548	CHUSJ	run152	2	EA	1e-05	0.99999	EA
EU104_S2	EU104	male	macrophage	Salmonella	5	100bp	FALSE	FALSE	poly(A)	TRUE	Nedelec_2016	SRR3471934	GSM2141549	CHUSJ	run152	2	EA	1e-05	0.99999	EA
EU110_L2	EU110	male	macrophage	Listeria	5	100bp	FALSE	FALSE	poly(A)	TRUE	Nedelec_2016	SRR3471935	GSM2141550	CHUSJ	run152	3	EA	0.049408	0.950592	EA
EU110_NI2	EU110	male	macrophage	naive	5	100bp	FALSE	FALSE	poly(A)	TRUE	Nedelec_2016	SRR3471936	GSM2141551	CHUSJ	run152	3	EA	0.049408	0.950592	EA
EU110_S2	EU110	male	macrophage	Salmonella	5	100bp	FALSE	FALSE	poly(A)	TRUE	Nedelec_2016	SRR3471937	GSM2141552	CHUSJ	run152	3	EA	0.049408	0.950592	EA
EU118_L2	EU118	male	macrophage	Listeria	5	100bp	FALSE	FALSE	poly(A)	TRUE	Nedelec_2016	SRR3471938	GSM2141553	CHUSJ	run152	4	EA	1e-05	0.99999	EA
EU118_NI2	EU118	male	macrophage	naive	5	100bp	FALSE	FALSE	poly(A)	TRUE	Nedelec_2016	SRR3471939	GSM2141554	CHUSJ	run152	4	EA	1e-05	0.99999	EA
EU118_S2	EU118	male	macrophage	Salmonella	5	100bp	FALSE	FALSE	poly(A)	TRUE	Nedelec_2016	SRR3471940	GSM2141555	CHUSJ	run152	4	EA	1e-05	0.99999	EA
EU120_L2	EU120	male	macrophage	Listeria	5	100bp	FALSE	FALSE	poly(A)	TRUE	Nedelec_2016	SRR3471941	GSM2141556	CHUSJ	run152	5	EA	1e-05	0.99999	EA
EU120_NI2	EU120	male	macrophage	naive	5	100bp	FALSE	FALSE	poly(A)	TRUE	Nedelec_2016	SRR3471942	GSM2141557	CHUSJ	run152	5	EA	1e-05	0.99999	EA
EU120_S2	EU120	male	macrophage	Salmonella	5	100bp	FALSE	FALSE	poly(A)	TRUE	Nedelec_2016	SRR3471943	GSM2141558	CHUSJ	run152	5	EA	1e-05	0.99999	EA
EU122_L2	EU122	male	macrophage	Listeria	5	100bp	FALSE	FALSE	poly(A)	TRUE	Nedelec_2016	SRR3471944	GSM2141559	CHUSJ	run156	2	EA	1e-05	0.99999	EA
EU122_NI2	EU122	male	macrophage	naive	5	100bp	FALSE	FALSE	poly(A)	TRUE	Nedelec_2016	SRR3471945	GSM2141560	CHUSJ	run156	2	EA	1e-05	0.99999	EA
EU122_S2	EU122	male	macrophage	Salmonella	5	100bp	FALSE	FALSE	poly(A)	TRUE	Nedelec_2016	SRR3471946	GSM2141561	CHUSJ	run156	2	EA	1e-05	0.99999	EA
EU126_L2	EU126	male	macrophage	Listeria	5	100bp	FALSE	FALSE	poly(A)	TRUE	Nedelec_2016	SRR3471947	GSM2141562	CHUSJ	run191	5	EA	1e-05	0.99999	EA
EU126_NI2	EU126	male	macrophage	naive	5	100bp	FALSE	FALSE	poly(A)	TRUE	Nedelec_2016	SRR3471948	GSM2141563	CHUSJ	run191	5	EA	1e-05	0.99999	EA
EU126_S2	EU126	male	macrophage	Salmonella	5	100bp	FALSE	FALSE	poly(A)	TRUE	Nedelec_2016	SRR3471949	GSM2141564	CHUSJ	run191	5	EA	1e-05	0.99999	EA
EU128_L2	EU128	male	macrophage	Listeria	5	100bp	FALSE	FALSE	poly(A)	TRUE	Nedelec_2016	SRR3471950	GSM2141565	CHUSJ	run152	6	EA	1e-05	0.99999	EA
EU128_NI2	EU128	male	macrophage	naive	5	100bp	FALSE	FALSE	poly(A)	TRUE	Nedelec_2016	SRR3471951	GSM2141566	CHUSJ	run152	6	EA	1e-05	0.99999	EA
EU128_S2	EU128	male	macrophage	Salmonella	5	100bp	FALSE	FALSE	poly(A)	TRUE	Nedelec_2016	SRR3471952	GSM2141567	CHUSJ	run152	6	EA	1e-05	0.99999	EA
EU130_L2	EU130	male	macrophage	Listeria	5	100bp	FALSE	FALSE	poly(A)	TRUE	Nedelec_2016	SRR3471953	GSM2141568	CHUSJ	run156	3	EA	1e-05	0.99999	EA
EU130_NI2	EU130	male	macrophage	naive	5	100bp	FALSE	FALSE	poly(A)	TRUE	Nedelec_2016	SRR3471954	GSM2141569	CHUSJ	run156	3	EA	1e-05	0.99999	EA
EU130_S2	EU130	male	macrophage	Salmonella	5	100bp	FALSE	FALSE	poly(A)	TRUE	Nedelec_2016	SRR3471955	GSM2141570	CHUSJ	run156	3	EA	1e-05	0.99999	EA
EU134_L2	EU134	male	macrophage	Listeria	5	100bp	FALSE	FALSE	poly(A)	TRUE	Nedelec_2016	SRR3471956	GSM2141571	CHUSJ	run152	7	EA	1e-05	0.99999	EA
EU134_NI2	EU134	male	macrophage	naive	5	100bp	FALSE	FALSE	poly(A)	TRUE	Nedelec_2016	SRR3471957	GSM2141572	CHUSJ	run152	7	EA	1e-05	0.99999	EA
EU134_S2	EU134	male	macrophage	Salmonella	5	100bp	FALSE	FALSE	poly(A)	TRUE	Nedelec_2016	SRR3471958	GSM2141573	CHUSJ	run152	7	EA	1e-05	0.99999	EA
EU136_L2	EU136	male	macrophage	Listeria	5	100bp	FALSE	FALSE	poly(A)	TRUE	Nedelec_2016	SRR3471959	GSM2141574	CHUSJ	run152	8	EA	1e-05	0.99999	EA
EU136_NI2	EU136	male	macrophage	naive	5	100bp	FALSE	FALSE	poly(A)	TRUE	Nedelec_2016	SRR3471960	GSM2141575	CHUSJ	run152	8	EA	1e-05	0.99999	EA
EU136_S2	EU136	male	macrophage	Salmonella	5	100bp	FALSE	FALSE	poly(A)	TRUE	Nedelec_2016	SRR3471961	GSM2141576	CHUSJ	run152	8	EA	1e-05	0.99999	EA
EU138_L2	EU138	male	macrophage	Listeria	5	100bp	FALSE	FALSE	poly(A)	TRUE	Nedelec_2016	SRR3471962	GSM2141577	CHUSJ	run156	1	EA	1e-05	0.99999	EA
EU138_NI2	EU138	male	macrophage	naive	5	100bp	FALSE	FALSE	poly(A)	TRUE	Nedelec_2016	SRR3471963	GSM2141578	CHUSJ	run156	1	EA	1e-05	0.99999	EA
AF161_S2	AF161	male	macrophage	Salmonella	5	100bp	FALSE	FALSE	poly(A)	TRUE	Nedelec_2016	SRR3471864	GSM2141479	CHUSJ	run266	6	AA	0.702467	0.297533	NA
AF163_L2	AF163	male	macrophage	Listeria	5	100bp	FALSE	FALSE	poly(A)	TRUE	Nedelec_2016	SRR3471865	GSM2141480	CHUSJ	run192	8	AA	1e-05	0.99999	EA
AF163_NI2	AF163	male	macrophage	naive	5	100bp	FALSE	FALSE	poly(A)	TRUE	Nedelec_2016	SRR3471866	GSM2141481	CHUSJ	run192	8	AA	1e-05	0.99999	EA
AF163_S2	AF163	male	macrophage	Salmonella	5	100bp	FALSE	FALSE	poly(A)	TRUE	Nedelec_2016	SRR3471867	GSM2141482	CHUSJ	run192	8	AA	1e-05	0.99999	EA
AF165_L2	AF165	male	macrophage	Listeria	5	100bp	FALSE	FALSE	poly(A)	TRUE	Nedelec_2016	SRR3471868	GSM2141483	CHUSJ	run193	8	AA	0.810168	0.189832	AA
AF165_NI2	AF165	male	macrophage	naive	5	100bp	FALSE	FALSE	poly(A)	TRUE	Nedelec_2016	SRR3471869	GSM2141484	CHUSJ	run193	8	AA	0.810168	0.189832	AA
AF165_S2	AF165	male	macrophage	Salmonella	5	100bp	FALSE	FALSE	poly(A)	TRUE	Nedelec_2016	SRR3471870	GSM2141485	CHUSJ	run193	8	AA	0.810168	0.189832	AA
AF167_L2	AF167	male	macrophage	Listeria	5	100bp	FALSE	FALSE	poly(A)	TRUE	Nedelec_2016	SRR3471871	GSM2141486	CHUSJ	run185	1	AA	0.612576	0.387424	NA
AF167_NI2	AF167	male	macrophage	naive	5	100bp	FALSE	FALSE	poly(A)	TRUE	Nedelec_2016	SRR3471872	GSM2141487	CHUSJ	run185	1	AA	0.612576	0.387424	NA
AF167_S2	AF167	male	macrophage	Salmonella	5	100bp	FALSE	FALSE	poly(A)	TRUE	Nedelec_2016	SRR3471873	GSM2141488	CHUSJ	run185	1	AA	0.612576	0.387424	NA
AF169_L2	AF169	male	macrophage	Listeria	5	100bp	FALSE	FALSE	poly(A)	TRUE	Nedelec_2016	SRR3471874	GSM2141489	CHUSJ	run185	2	AA	0.840663	0.159337	AA
AF169_NI2	AF169	male	macrophage	naive	5	100bp	FALSE	FALSE	poly(A)	TRUE	Nedelec_2016	SRR3471875	GSM2141490	CHUSJ	run185	2	AA	0.840663	0.159337	AA
AF169_S2	AF169	male	macrophage	Salmonella	5	100bp	FALSE	FALSE	poly(A)	TRUE	Nedelec_2016	SRR3471876	GSM2141491	CHUSJ	run185	2	AA	0.840663	0.159337	AA
AF171_L2	AF171	male	macrophage	Listeria	5	100bp	FALSE	FALSE	poly(A)	TRUE	Nedelec_2016	SRR3471877	GSM2141492	CHUSJ	run185	3	AA	0.781266	0.218734	AA
AF171_NI2	AF171	male	macrophage	naive	5	100bp	FALSE	FALSE	poly(A)	TRUE	Nedelec_2016	SRR3471878	GSM2141493	CHUSJ	run185	3	AA	0.781266	0.218734	AA
AF171_S2	AF171	male	macrophage	Salmonella	5	100bp	FALSE	FALSE	poly(A)	TRUE	Nedelec_2016	SRR3471879	GSM2141494	CHUSJ	run185	3	AA	0.781266	0.218734	AA
AF173_L2	AF173	male	macrophage	Listeria	5	100bp	FALSE	FALSE	poly(A)	TRUE	Nedelec_2016	SRR3471880	GSM2141495	CHUSJ	run185	4	AA	0.828452	0.171548	AA
AF173_NI2	AF173	male	macrophage	naive	5	100bp	FALSE	FALSE	poly(A)	TRUE	Nedelec_2016	SRR3471881	GSM2141496	CHUSJ	run185	4	AA	0.828452	0.171548	AA
AF173_S2	AF173	male	macrophage	Salmonella	5	100bp	FALSE	FALSE	poly(A)	TRUE	Nedelec_2016	SRR3471882	GSM2141497	CHUSJ	run185	4	AA	0.828452	0.171548	AA
AF175_L2	AF175	male	macrophage	Listeria	5	100bp	FALSE	FALSE	poly(A)	TRUE	Nedelec_2016	SRR3471883	GSM2141498	CHUSJ	run191	8	AA	0.854548	0.145452	AA
AF175_NI2	AF175	male	macrophage	naive	5	100bp	FALSE	FALSE	poly(A)	TRUE	Nedelec_2016	SRR3471884	GSM2141499	CHUSJ	run191	8	AA	0.854548	0.145452	AA
AF175_S2	AF175	male	macrophage	Salmonella	5	100bp	FALSE	FALSE	poly(A)	TRUE	Nedelec_2016	SRR3471885	GSM2141500	CHUSJ	run191	8	AA	0.854548	0.145452	AA
AF177_L2	AF177	male	macrophage	Listeria	5	100bp	FALSE	FALSE	poly(A)	TRUE	Nedelec_2016	SRR3471886	GSM2141501	CHUSJ	run191	5	AA	0.652179	0.347821	NA
AF177_NI2	AF177	male	macrophage	naive	5	100bp	FALSE	FALSE	poly(A)	TRUE	Nedelec_2016	SRR3471887	GSM2141502	CHUSJ	run191	5	AA	0.652179	0.347821	NA
AF177_S2	AF177	male	macrophage	Salmonella	5	100bp	FALSE	FALSE	poly(A)	TRUE	Nedelec_2016	SRR3471888	GSM2141503	CHUSJ	run191	5	AA	0.652179	0.347821	NA
AF179_L2	AF179	male	macrophage	Listeria	5	100bp	FALSE	FALSE	poly(A)	TRUE	Nedelec_2016	SRR3471889	GSM2141504	CHUSJ	run191	6	AA	0.689971	0.310029	NA
AF179_NI2	AF179	male	macrophage	naive	5	100bp	FALSE	FALSE	poly(A)	TRUE	Nedelec_2016	SRR3471890	GSM2141505	CHUSJ	run191	6	AA	0.689971	0.310029	NA
AF179_S2	AF179	male	macrophage	Salmonella	5	100bp	FALSE	FALSE	poly(A)	TRUE	Nedelec_2016	SRR3471891	GSM2141506	CHUSJ	run191	6	AA	0.689971	0.310029	NA
AF181_L2	AF181	male	macrophage	Listeria	5	100bp	FALSE	FALSE	poly(A)	TRUE	Nedelec_2016	SRR3471892	GSM2141507	CHUSJ	run191	7	AA	0.868837	0.131163	AA
AF181_NI2	AF181	male	macrophage	naive	5	100bp	FALSE	FALSE	poly(A)	TRUE	Nedelec_2016	SRR3471893	GSM2141508	CHUSJ	run191	7	AA	0.868837	0.131163	AA
AF181_S2	AF181	male	macrophage	Salmonella	5	100bp	FALSE	FALSE	poly(A)	TRUE	Nedelec_2016	SRR3471894	GSM2141509	CHUSJ	run191	7	AA	0.868837	0.131163	AA
AF183_L2	AF183	male	macrophage	Listeria	5	100bp	FALSE	FALSE	poly(A)	TRUE	Nedelec_2016	SRR3471895	GSM2141510	CHUSJ	run191	1	AA	0.990514	0.009486	AA
AF183_NI2	AF183	male	macrophage	naive	5	100bp	FALSE	FALSE	poly(A)	TRUE	Nedelec_2016	SRR3471896	GSM2141511	CHUSJ	run191	1	AA	0.990514	0.009486	AA
AF183_S2	AF183	male	macrophage	Salmonella	5	100bp	FALSE	FALSE	poly(A)	TRUE	Nedelec_2016	SRR3471897	GSM2141512	CHUSJ	run191	1	AA	0.990514	0.009486	AA
AF185_L2	AF185	male	macrophage	Listeria	5	100bp	FALSE	FALSE	poly(A)	TRUE	Nedelec_2016	SRR3471898	GSM2141513	CHUSJ	run191	2	AA	0.852458	0.147542	AA
AF185_NI2	AF185	male	macrophage	naive	5	100bp	FALSE	FALSE	poly(A)	TRUE	Nedelec_2016	SRR3471899	GSM2141514	CHUSJ	run191	2	AA	0.852458	0.147542	AA
AF185_S2	AF185	male	macrophage	Salmonella	5	100bp	FALSE	FALSE	poly(A)	TRUE	Nedelec_2016	SRR3471900	GSM2141515	CHUSJ	run191	2	AA	0.852458	0.147542	AA
AF187_L2	AF187	male	macrophage	Listeria	5	100bp	FALSE	FALSE	poly(A)	TRUE	Nedelec_2016	SRR3471901	GSM2141516	CHUSJ	run191	3	AA	0.787002	0.212998	AA
AF187_NI2	AF187	male	macrophage	naive	5	100bp	FALSE	FALSE	poly(A)	TRUE	Nedelec_2016	SRR3471902	GSM2141517	CHUSJ	run191	3	AA	0.787002	0.212998	AA
AF187_S2	AF187	male	macrophage	Salmonella	5	100bp	FALSE	FALSE	poly(A)	TRUE	Nedelec_2016	SRR3471903	GSM2141518	CHUSJ	run191	3	AA	0.787002	0.212998	AA
AF189_L2	AF189	male	macrophage	Listeria	5	100bp	FALSE	FALSE	poly(A)	TRUE	Nedelec_2016	SRR3471904	GSM2141519	CHUSJ	run191	4	AA	0.864667	0.135333	AA
AF189_NI2	AF189	male	macrophage	naive	5	100bp	FALSE	FALSE	poly(A)	TRUE	Nedelec_2016	SRR3471905	GSM2141520	CHUSJ	run191	4	AA	0.864667	0.135333	AA
AF189_S2	AF189	male	macrophage	Salmonella	5	100bp	FALSE	FALSE	poly(A)	TRUE	Nedelec_2016	SRR3471906	GSM2141521	CHUSJ	run191	4	AA	0.864667	0.135333	AA
AF191_L2	AF191	male	macrophage	Listeria	5	100bp	FALSE	FALSE	poly(A)	TRUE	Nedelec_2016	SRR3471907	GSM2141522	CHUSJ	run192	1	AA	0.79514	0.20486	AA
AF191_NI2	AF191	male	macrophage	naive	5	100bp	FALSE	FALSE	poly(A)	TRUE	Nedelec_2016	SRR3471908	GSM2141523	CHUSJ	run192	1	AA	0.79514	0.20486	AA
AF191_S2	AF191	male	macrophage	Salmonella	5	100bp	FALSE	FALSE	poly(A)	TRUE	Nedelec_2016	SRR3471909	GSM2141524	CHUSJ	run192	1	AA	0.79514	0.20486	AA
AF193_L2	AF193	male	macrophage	Listeria	5	100bp	FALSE	FALSE	poly(A)	TRUE	Nedelec_2016	SRR3471910	GSM2141525	CHUSJ	run185	5	AA	0.925358	0.074642	AA
AF193_NI2	AF193	male	macrophage	naive	5	100bp	FALSE	FALSE	poly(A)	TRUE	Nedelec_2016	SRR3471911	GSM2141526	CHUSJ	run185	5	AA	0.925358	0.074642	AA
AF193_S2	AF193	male	macrophage	Salmonella	5	100bp	FALSE	FALSE	poly(A)	TRUE	Nedelec_2016	SRR3471912	GSM2141527	CHUSJ	run185	5	AA	0.925358	0.074642	AA
AF195_L2	AF195	male	macrophage	Listeria	5	100bp	FALSE	FALSE	poly(A)	TRUE	Nedelec_2016	SRR3471913	GSM2141528	CHUSJ	run192	3	AA	0.662897	0.337103	NA
AF195_NI2	AF195	male	macrophage	naive	5	100bp	FALSE	FALSE	poly(A)	TRUE	Nedelec_2016	SRR3471914	GSM2141529	CHUSJ	run192	3	AA	0.662897	0.337103	NA
AF195_S2	AF195	male	macrophage	Salmonella	5	100bp	FALSE	FALSE	poly(A)	TRUE	Nedelec_2016	SRR3471915	GSM2141530	CHUSJ	run192	3	AA	0.662897	0.337103	NA
AF55_L2	AF55	male	macrophage	Listeria	5	100bp	FALSE	FALSE	poly(A)	TRUE	Nedelec_2016	SRR3471916	GSM2141531	IC	run786	3	AA	0.906362	0.093638	AA
AF55_S2	AF55	male	macrophage	Salmonella	5	100bp	FALSE	FALSE	poly(A)	TRUE	Nedelec_2016	SRR3471917	GSM2141532	IC	run786	3	AA	0.906362	0.093638	AA
AF75_L2	AF75	male	macrophage	Listeria	5	100bp	FALSE	FALSE	poly(A)	TRUE	Nedelec_2016	SRR3471918	GSM2141533	CHUSJ	run185	6	AA	0.721869	0.278131	NA
AF75_NI2	AF75	male	macrophage	naive	5	100bp	FALSE	FALSE	poly(A)	TRUE	Nedelec_2016	SRR3471919	GSM2141534	CHUSJ	run185	6	AA	0.721869	0.278131	NA
AF75_S2	AF75	male	macrophage	Salmonella	5	100bp	FALSE	FALSE	poly(A)	TRUE	Nedelec_2016	SRR3471920	GSM2141535	CHUSJ	run185	6	AA	0.721869	0.278131	NA
AF89_S2	AF89	male	macrophage	Salmonella	5	100bp	FALSE	FALSE	poly(A)	TRUE	Nedelec_2016	SRR3471921	GSM2141536	CHUSJ	run152	1	AA	0.706299	0.293701	NA
AF91_S2	AF91	male	macrophage	Salmonella	5	100bp	FALSE	FALSE	poly(A)	TRUE	Nedelec_2016	SRR3471922	GSM2141537	CHUSJ	run152	2	AA	1e-05	0.99999	EA
AF93_L2	AF93	male	macrophage	Listeria	5	100bp	FALSE	FALSE	poly(A)	TRUE	Nedelec_2016	SRR3471923	GSM2141538	CHUSJ	run152	3	AA	0.464724	0.535276	NA
AF133_NI2	AF133	male	macrophage	naive	5	100bp	FALSE	FALSE	poly(A)	TRUE	Nedelec_2016	SRR3471824	GSM2141439	CHUSJ	run190	7	AA	0.854443	0.145557	AA
AF133_S2	AF133	male	macrophage	Salmonella	5	100bp	FALSE	FALSE	poly(A)	TRUE	Nedelec_2016	SRR3471825	GSM2141440	CHUSJ	run190	7	AA	0.854443	0.145557	AA
AF137_L2	AF137	male	macrophage	Listeria	5	100bp	FALSE	FALSE	poly(A)	TRUE	Nedelec_2016	SRR3471826	GSM2141441	CHUSJ	run192	4	AA	0.654411	0.345589	NA
AF137_NI2	AF137	male	macrophage	naive	5	100bp	FALSE	FALSE	poly(A)	TRUE	Nedelec_2016	SRR3471827	GSM2141442	CHUSJ	run192	4	AA	0.654411	0.345589	NA
AF137_S2	AF137	male	macrophage	Salmonella	5	100bp	FALSE	FALSE	poly(A)	TRUE	Nedelec_2016	SRR3471828	GSM2141443	CHUSJ	run192	4	AA	0.654411	0.345589	NA
AF139_L2	AF139	male	macrophage	Listeria	5	100bp	FALSE	FALSE	poly(A)	TRUE	Nedelec_2016	SRR3471829	GSM2141444	CHUSJ	run192	5	AA	0.743062	0.256938	NA
AF139_NI2	AF139	male	macrophage	naive	5	100bp	FALSE	FALSE	poly(A)	TRUE	Nedelec_2016	SRR3471830	GSM2141445	CHUSJ	run192	5	AA	0.743062	0.256938	NA
AF139_S2	AF139	male	macrophage	Salmonella	5	100bp	FALSE	FALSE	poly(A)	TRUE	Nedelec_2016	SRR3471831	GSM2141446	CHUSJ	run192	5	AA	0.743062	0.256938	NA
AF141_L2	AF141	male	macrophage	Listeria	5	100bp	FALSE	FALSE	poly(A)	TRUE	Nedelec_2016	SRR3471832	GSM2141447	CHUSJ	run192	6	AA	0.79831	0.20169	AA
AF141_NI2	AF141	male	macrophage	naive	5	100bp	FALSE	FALSE	poly(A)	TRUE	Nedelec_2016	SRR3471833	GSM2141448	CHUSJ	run192	6	AA	0.79831	0.20169	AA
AF141_S2	AF141	male	macrophage	Salmonella	5	100bp	FALSE	FALSE	poly(A)	TRUE	Nedelec_2016	SRR3471834	GSM2141449	CHUSJ	run192	6	AA	0.79831	0.20169	AA
AF143_L2	AF143	male	macrophage	Listeria	5	100bp	FALSE	FALSE	poly(A)	TRUE	Nedelec_2016	SRR3471835	GSM2141450	CHUSJ	run192	7	AA	0.681347	0.318653	NA
AF143_NI2	AF143	male	macrophage	naive	5	100bp	FALSE	FALSE	poly(A)	TRUE	Nedelec_2016	SRR3471836	GSM2141451	CHUSJ	run192	7	AA	0.681347	0.318653	NA
AF143_S2	AF143	male	macrophage	Salmonella	5	100bp	FALSE	FALSE	poly(A)	TRUE	Nedelec_2016	SRR3471837	GSM2141452	CHUSJ	run192	7	AA	0.681347	0.318653	NA
AF145_L2	AF145	male	macrophage	Listeria	5	100bp	FALSE	FALSE	poly(A)	TRUE	Nedelec_2016	SRR3471838	GSM2141453	CHUSJ	run193	2	AA	0.859526	0.140474	AA
AF145_NI2	AF145	male	macrophage	naive	5	100bp	FALSE	FALSE	poly(A)	TRUE	Nedelec_2016	SRR3471839	GSM2141454	CHUSJ	run193	2	AA	0.859526	0.140474	AA
AF145_S2	AF145	male	macrophage	Salmonella	5	100bp	FALSE	FALSE	poly(A)	TRUE	Nedelec_2016	SRR3471840	GSM2141455	CHUSJ	run193	2	AA	0.859526	0.140474	AA
AF147_L2	AF147	male	macrophage	Listeria	5	100bp	FALSE	FALSE	poly(A)	TRUE	Nedelec_2016	SRR3471841	GSM2141456	CHUSJ	run193	3	AA	0.758783	0.241217	AA
AF147_NI2	AF147	male	macrophage	naive	5	100bp	FALSE	FALSE	poly(A)	TRUE	Nedelec_2016	SRR3471842	GSM2141457	CHUSJ	run193	3	AA	0.758783	0.241217	AA
AF147_S2	AF147	male	macrophage	Salmonella	5	100bp	FALSE	FALSE	poly(A)	TRUE	Nedelec_2016	SRR3471843	GSM2141458	CHUSJ	run193	3	AA	0.758783	0.241217	AA
AF149_L2	AF149	male	macrophage	Listeria	5	100bp	FALSE	FALSE	poly(A)	TRUE	Nedelec_2016	SRR3471844	GSM2141459	CHUSJ	run193	4	AA	0.825751	0.174249	AA
AF149_NI2	AF149	male	macrophage	naive	5	100bp	FALSE	FALSE	poly(A)	TRUE	Nedelec_2016	SRR3471845	GSM2141460	CHUSJ	run193	4	AA	0.825751	0.174249	AA
AF149_S2	AF149	male	macrophage	Salmonella	5	100bp	FALSE	FALSE	poly(A)	TRUE	Nedelec_2016	SRR3471846	GSM2141461	CHUSJ	run193	4	AA	0.825751	0.174249	AA
AF151_L2	AF151	male	macrophage	Listeria	5	100bp	FALSE	FALSE	poly(A)	TRUE	Nedelec_2016	SRR3471847	GSM2141462	CHUSJ	run193	5	AA	0.866167	0.133833	AA
AF151_NI2	AF151	male	macrophage	naive	5	100bp	FALSE	FALSE	poly(A)	TRUE	Nedelec_2016	SRR3471848	GSM2141463	CHUSJ	run193	5	AA	0.866167	0.133833	AA
AF151_S2	AF151	male	macrophage	Salmonella	5	100bp	FALSE	FALSE	poly(A)	TRUE	Nedelec_2016	SRR3471849	GSM2141464	CHUSJ	run193	5	AA	0.866167	0.133833	AA
AF153_L2	AF153	male	macrophage	Listeria	5	100bp	FALSE	FALSE	poly(A)	TRUE	Nedelec_2016	SRR3471850	GSM2141465	CHUSJ	run190	5	AA	0.55838	0.44162	NA
AF153_NI2	AF153	male	macrophage	naive	5	100bp	FALSE	FALSE	poly(A)	TRUE	Nedelec_2016	SRR3471851	GSM2141466	CHUSJ	run190	5	AA	0.55838	0.44162	NA
AF153_S2	AF153	male	macrophage	Salmonella	5	100bp	FALSE	FALSE	poly(A)	TRUE	Nedelec_2016	SRR3471852	GSM2141467	CHUSJ	run190	5	AA	0.55838	0.44162	NA
AF155_L2	AF155	male	macrophage	Listeria	5	100bp	FALSE	FALSE	poly(A)	TRUE	Nedelec_2016	SRR3471853	GSM2141468	CHUSJ	run190	6	AA	0.779987	0.220013	AA
AF155_NI2	AF155	male	macrophage	naive	5	100bp	FALSE	FALSE	poly(A)	TRUE	Nedelec_2016	SRR3471854	GSM2141469	CHUSJ	run190	6	AA	0.779987	0.220013	AA
AF155_S2	AF155	male	macrophage	Salmonella	5	100bp	FALSE	FALSE	poly(A)	TRUE	Nedelec_2016	SRR3471855	GSM2141470	CHUSJ	run190	6	AA	0.779987	0.220013	AA
AF157_L2	AF157	male	macrophage	Listeria	5	100bp	FALSE	FALSE	poly(A)	TRUE	Nedelec_2016	SRR3471856	GSM2141471	CHUSJ	run192	2	AA	0.714425	0.285575	NA
AF157_NI2	AF157	male	macrophage	naive	5	100bp	FALSE	FALSE	poly(A)	TRUE	Nedelec_2016	SRR3471857	GSM2141472	CHUSJ	run192	2	AA	0.714425	0.285575	NA
AF157_S2	AF157	male	macrophage	Salmonella	5	100bp	FALSE	FALSE	poly(A)	TRUE	Nedelec_2016	SRR3471858	GSM2141473	CHUSJ	run192	2	AA	0.714425	0.285575	NA
AF159_L2	AF159	male	macrophage	Listeria	5	100bp	FALSE	FALSE	poly(A)	TRUE	Nedelec_2016	SRR3471859	GSM2141474	CHUSJ	run193	6	AA	0.759088	0.240912	AA
AF159_NI2	AF159	male	macrophage	naive	5	100bp	FALSE	FALSE	poly(A)	TRUE	Nedelec_2016	SRR3471860	GSM2141475	CHUSJ	run193	6	AA	0.759088	0.240912	AA
AF159_S2	AF159	male	macrophage	Salmonella	5	100bp	FALSE	FALSE	poly(A)	TRUE	Nedelec_2016	SRR3471861	GSM2141476	CHUSJ	run193	6	AA	0.759088	0.240912	AA
AF161_L2	AF161	male	macrophage	Listeria	5	100bp	FALSE	FALSE	poly(A)	TRUE	Nedelec_2016	SRR3471862	GSM2141477	CHUSJ	run266	7	AA	0.702467	0.297533	NA
AF161_NI2	AF161	male	macrophage	naive	5	100bp	FALSE	FALSE	poly(A)	TRUE	Nedelec_2016	SRR3471863	GSM2141478	CHUSJ	run193	7	AA	0.702467	0.297533	NA
EU68_L2	EU68	male	macrophage	Listeria	5	100bp	FALSE	FALSE	poly(A)	TRUE	Nedelec_2016	SRR3471764	GSM2141379	IC	run1104	3	EA	1e-05	0.99999	EA
EU68_NI2	EU68	male	macrophage	naive	5	100bp	FALSE	FALSE	poly(A)	TRUE	Nedelec_2016	SRR3471765	GSM2141380	IC	run1104	3	EA	1e-05	0.99999	EA
EU68_S2	EU68	male	macrophage	Salmonella	5	100bp	FALSE	FALSE	poly(A)	TRUE	Nedelec_2016	SRR3471766	GSM2141381	IC	run1104	3	EA	1e-05	0.99999	EA
EU70_L2	EU70	male	macrophage	Listeria	5	100bp	FALSE	FALSE	poly(A)	TRUE	Nedelec_2016	SRR3471767	GSM2141382	IC	run1104	6	EA	1e-05	0.99999	EA
EU70_NI2	EU70	male	macrophage	naive	5	100bp	FALSE	FALSE	poly(A)	TRUE	Nedelec_2016	SRR3471768	GSM2141383	IC	run1104	6	EA	1e-05	0.99999	EA
EU70_S2	EU70	male	macrophage	Salmonella	5	100bp	FALSE	FALSE	poly(A)	TRUE	Nedelec_2016	SRR3471769	GSM2141384	IC	run1104	6	EA	1e-05	0.99999	EA
EU72_L2	EU72	male	macrophage	Listeria	5	100bp	FALSE	FALSE	poly(A)	TRUE	Nedelec_2016	SRR3471770	GSM2141385	IC	run1104	5	EA	1e-05	0.99999	EA
EU72_NI2	EU72	male	macrophage	naive	5	100bp	FALSE	FALSE	poly(A)	TRUE	Nedelec_2016	SRR3471771	GSM2141386	IC	run1104	5	EA	1e-05	0.99999	EA
EU72_S2	EU72	male	macrophage	Salmonella	5	100bp	FALSE	FALSE	poly(A)	TRUE	Nedelec_2016	SRR3471772	GSM2141387	IC	run1104	5	EA	1e-05	0.99999	EA
EU74_L2	EU74	male	macrophage	Listeria	5	100bp	FALSE	FALSE	poly(A)	TRUE	Nedelec_2016	SRR3471773	GSM2141388	IC	run1104	4	EA	1e-05	0.99999	EA
EU74_NI2	EU74	male	macrophage	naive	5	100bp	FALSE	FALSE	poly(A)	TRUE	Nedelec_2016	SRR3471774	GSM2141389	IC	run1104	4	EA	1e-05	0.99999	EA
EU74_S2	EU74	male	macrophage	Salmonella	5	100bp	FALSE	FALSE	poly(A)	TRUE	Nedelec_2016	SRR3471775	GSM2141390	IC	run1104	4	EA	1e-05	0.99999	EA
EU76_L2	EU76	male	macrophage	Listeria	5	100bp	FALSE	FALSE	poly(A)	TRUE	Nedelec_2016	SRR3471776	GSM2141391	IC	run1144	1	EA	1e-05	0.99999	EA
EU76_NI2	EU76	male	macrophage	naive	5	100bp	FALSE	FALSE	poly(A)	TRUE	Nedelec_2016	SRR3471777	GSM2141392	IC	run1144	1	EA	1e-05	0.99999	EA
EU76_S2	EU76	male	macrophage	Salmonella	5	100bp	FALSE	FALSE	poly(A)	TRUE	Nedelec_2016	SRR3471778	GSM2141393	IC	run1144	1	EA	1e-05	0.99999	EA
EU78_L2	EU78	male	macrophage	Listeria	5	100bp	FALSE	FALSE	poly(A)	TRUE	Nedelec_2016	SRR3471779	GSM2141394	IC	run1144	2	EA	1e-05	0.99999	EA
EU78_NI2	EU78	male	macrophage	naive	5	100bp	FALSE	FALSE	poly(A)	TRUE	Nedelec_2016	SRR3471780	GSM2141395	IC	run1144	2	EA	1e-05	0.99999	EA
EU78_S2	EU78	male	macrophage	Salmonella	5	100bp	FALSE	FALSE	poly(A)	TRUE	Nedelec_2016	SRR3471781	GSM2141396	IC	run1144	2	EA	1e-05	0.99999	EA
EU80_L2	EU80	male	macrophage	Listeria	5	100bp	FALSE	FALSE	poly(A)	TRUE	Nedelec_2016	SRR3471782	GSM2141397	IC	run1144	3	EA	1e-05	0.99999	EA
EU80_NI2	EU80	male	macrophage	naive	5	100bp	FALSE	FALSE	poly(A)	TRUE	Nedelec_2016	SRR3471783	GSM2141398	IC	run1144	3	EA	1e-05	0.99999	EA
EU80_S2	EU80	male	macrophage	Salmonella	5	100bp	FALSE	FALSE	poly(A)	TRUE	Nedelec_2016	SRR3471784	GSM2141399	IC	run1144	3	EA	1e-05	0.99999	EA
AF101_L2	AF101	male	macrophage	Listeria	5	100bp	FALSE	FALSE	poly(A)	TRUE	Nedelec_2016	SRR3471785	GSM2141400	CHUSJ	run156	1	AA	0.679333	0.320667	NA
AF101_NI2	AF101	male	macrophage	naive	5	100bp	FALSE	FALSE	poly(A)	TRUE	Nedelec_2016	SRR3471786	GSM2141401	CHUSJ	run156	1	AA	0.679333	0.320667	NA
AF101_S2	AF101	male	macrophage	Salmonella	5	100bp	FALSE	FALSE	poly(A)	TRUE	Nedelec_2016	SRR3471787	GSM2141402	CHUSJ	run156	1	AA	0.679333	0.320667	NA
AF105_L2	AF105	male	macrophage	Listeria	5	100bp	FALSE	FALSE	poly(A)	TRUE	Nedelec_2016	SRR3471788	GSM2141403	CHUSJ	run152	5	AA	0.796217	0.203783	AA
AF105_NI2	AF105	male	macrophage	naive	5	100bp	FALSE	FALSE	poly(A)	TRUE	Nedelec_2016	SRR3471789	GSM2141404	CHUSJ	run152	5	AA	0.796217	0.203783	AA
AF105_S2	AF105	male	macrophage	Salmonella	5	100bp	FALSE	FALSE	poly(A)	TRUE	Nedelec_2016	SRR3471790	GSM2141405	CHUSJ	run152	5	AA	0.796217	0.203783	AA
AF107_L2	AF107	male	macrophage	Listeria	5	100bp	FALSE	FALSE	poly(A)	TRUE	Nedelec_2016	SRR3471791	GSM2141406	CHUSJ	run152	6	AA	1e-05	0.99999	EA
AF107_NI2	AF107	male	macrophage	naive	5	100bp	FALSE	FALSE	poly(A)	TRUE	Nedelec_2016	SRR3471792	GSM2141407	CHUSJ	run152	6	AA	1e-05	0.99999	EA
AF107_S2	AF107	male	macrophage	Salmonella	5	100bp	FALSE	FALSE	poly(A)	TRUE	Nedelec_2016	SRR3471793	GSM2141408	CHUSJ	run152	6	AA	1e-05	0.99999	EA
AF109_L2	AF109	male	macrophage	Listeria	5	100bp	FALSE	FALSE	poly(A)	TRUE	Nedelec_2016	SRR3471794	GSM2141409	CHUSJ	run152	7	AA	0.770756	0.229244	AA
AF109_NI2	AF109	male	macrophage	naive	5	100bp	FALSE	FALSE	poly(A)	TRUE	Nedelec_2016	SRR3471795	GSM2141410	CHUSJ	run152	7	AA	0.770756	0.229244	AA
AF109_S2	AF109	male	macrophage	Salmonella	5	100bp	FALSE	FALSE	poly(A)	TRUE	Nedelec_2016	SRR3471796	GSM2141411	CHUSJ	run152	7	AA	0.770756	0.229244	AA
AF111_L2	AF111	male	macrophage	Listeria	5	100bp	FALSE	FALSE	poly(A)	TRUE	Nedelec_2016	SRR3471797	GSM2141412	CHUSJ	run193	1	AA	0.818034	0.181966	AA
AF111_NI2	AF111	male	macrophage	naive	5	100bp	FALSE	FALSE	poly(A)	TRUE	Nedelec_2016	SRR3471798	GSM2141413	CHUSJ	run193	1	AA	0.818034	0.181966	AA
AF111_S2	AF111	male	macrophage	Salmonella	5	100bp	FALSE	FALSE	poly(A)	TRUE	Nedelec_2016	SRR3471799	GSM2141414	CHUSJ	run193	1	AA	0.818034	0.181966	AA
AF113_L2	AF113	male	macrophage	Listeria	5	100bp	FALSE	FALSE	poly(A)	TRUE	Nedelec_2016	SRR3471800	GSM2141415	CHUSJ	run156	5	AA	0.717018	0.282982	NA
AF113_NI2	AF113	male	macrophage	naive	5	100bp	FALSE	FALSE	poly(A)	TRUE	Nedelec_2016	SRR3471801	GSM2141416	CHUSJ	run156	5	AA	0.717018	0.282982	NA
AF113_S2	AF113	male	macrophage	Salmonella	5	100bp	FALSE	FALSE	poly(A)	TRUE	Nedelec_2016	SRR3471802	GSM2141417	CHUSJ	run156	5	AA	0.717018	0.282982	NA
AF115_L2	AF115	male	macrophage	Listeria	5	100bp	FALSE	FALSE	poly(A)	TRUE	Nedelec_2016	SRR3471803	GSM2141418	CHUSJ	run156	6	AA	0.80333	0.19667	AA
AF115_NI2	AF115	male	macrophage	naive	5	100bp	FALSE	FALSE	poly(A)	TRUE	Nedelec_2016	SRR3471804	GSM2141419	CHUSJ	run156	6	AA	0.80333	0.19667	AA
AF115_S2	AF115	male	macrophage	Salmonella	5	100bp	FALSE	FALSE	poly(A)	TRUE	Nedelec_2016	SRR3471805	GSM2141420	CHUSJ	run156	6	AA	0.80333	0.19667	AA
AF117_NI2	AF117	male	macrophage	naive	5	100bp	FALSE	FALSE	poly(A)	TRUE	Nedelec_2016	SRR3471806	GSM2141421	CHUSJ	run156	2	AA	0.712329	0.287671	NA
AF117_S2	AF117	male	macrophage	Salmonella	5	100bp	FALSE	FALSE	poly(A)	TRUE	Nedelec_2016	SRR3471807	GSM2141422	CHUSJ	run156	2	AA	0.712329	0.287671	NA
AF119_L2	AF119	male	macrophage	Listeria	5	100bp	FALSE	FALSE	poly(A)	TRUE	Nedelec_2016	SRR3471808	GSM2141423	CHUSJ	run156	4	AA	0.758461	0.241539	AA
AF119_NI2	AF119	male	macrophage	naive	5	100bp	FALSE	FALSE	poly(A)	TRUE	Nedelec_2016	SRR3471809	GSM2141424	CHUSJ	run156	4	AA	0.758461	0.241539	AA
AF119_S2	AF119	male	macrophage	Salmonella	5	100bp	FALSE	FALSE	poly(A)	TRUE	Nedelec_2016	SRR3471810	GSM2141425	CHUSJ	run156	4	AA	0.758461	0.241539	AA
AF125_L2	AF125	male	macrophage	Listeria	5	100bp	FALSE	FALSE	poly(A)	TRUE	Nedelec_2016	SRR3471811	GSM2141426	CHUSJ	run190	1	AA	0.792307	0.207693	AA
AF125_NI2	AF125	male	macrophage	naive	5	100bp	FALSE	FALSE	poly(A)	TRUE	Nedelec_2016	SRR3471812	GSM2141427	CHUSJ	run190	1	AA	0.792307	0.207693	AA
AF125_S2	AF125	male	macrophage	Salmonella	5	100bp	FALSE	FALSE	poly(A)	TRUE	Nedelec_2016	SRR3471813	GSM2141428	CHUSJ	run190	1	AA	0.792307	0.207693	AA
AF127_L2	AF127	male	macrophage	Listeria	5	100bp	FALSE	FALSE	poly(A)	TRUE	Nedelec_2016	SRR3471814	GSM2141429	CHUSJ	run190	2	AA	0.775397	0.224603	AA
AF127_NI2	AF127	male	macrophage	naive	5	100bp	FALSE	FALSE	poly(A)	TRUE	Nedelec_2016	SRR3471815	GSM2141430	CHUSJ	run190	2	AA	0.775397	0.224603	AA
AF127_S2	AF127	male	macrophage	Salmonella	5	100bp	FALSE	FALSE	poly(A)	TRUE	Nedelec_2016	SRR3471816	GSM2141431	CHUSJ	run190	2	AA	0.775397	0.224603	AA
AF129_L2	AF129	male	macrophage	Listeria	5	100bp	FALSE	FALSE	poly(A)	TRUE	Nedelec_2016	SRR3471817	GSM2141432	CHUSJ	run190	3	AA	0.691217	0.308783	NA
AF129_NI2	AF129	male	macrophage	naive	5	100bp	FALSE	FALSE	poly(A)	TRUE	Nedelec_2016	SRR3471818	GSM2141433	CHUSJ	run190	3	AA	0.691217	0.308783	NA
AF129_S2	AF129	male	macrophage	Salmonella	5	100bp	FALSE	FALSE	poly(A)	TRUE	Nedelec_2016	SRR3471819	GSM2141434	CHUSJ	run190	3	AA	0.691217	0.308783	NA
AF131_L2	AF131	male	macrophage	Listeria	5	100bp	FALSE	FALSE	poly(A)	TRUE	Nedelec_2016	SRR3471820	GSM2141435	CHUSJ	run190	4	AA	0.75748	0.24252	AA
AF131_NI2	AF131	male	macrophage	naive	5	100bp	FALSE	FALSE	poly(A)	TRUE	Nedelec_2016	SRR3471821	GSM2141436	CHUSJ	run190	4	AA	0.75748	0.24252	AA
AF131_S2	AF131	male	macrophage	Salmonella	5	100bp	FALSE	FALSE	poly(A)	TRUE	Nedelec_2016	SRR3471822	GSM2141437	CHUSJ	run190	4	AA	0.75748	0.24252	AA
AF133_L2	AF133	male	macrophage	Listeria	5	100bp	FALSE	FALSE	poly(A)	TRUE	Nedelec_2016	SRR3471823	GSM2141438	CHUSJ	run190	7	AA	0.854443	0.145557	AA
EU30_S2	EU30	male	macrophage	Salmonella	5	100bp	FALSE	FALSE	poly(A)	TRUE	Nedelec_2016	SRR3471724	GSM2141339	IC	run580	6	EA	1e-05	0.99999	EA
EU34_L2	EU34	male	macrophage	Listeria	5	100bp	FALSE	FALSE	poly(A)	TRUE	Nedelec_2016	SRR3471725	GSM2141340	IC	run782	5	EA	1e-05	0.99999	EA
EU34_NI2	EU34	male	macrophage	naive	5	100bp	FALSE	FALSE	poly(A)	TRUE	Nedelec_2016	SRR3471726	GSM2141341	IC	run782	5	EA	1e-05	0.99999	EA
EU34_S2	EU34	male	macrophage	Salmonella	5	100bp	FALSE	FALSE	poly(A)	TRUE	Nedelec_2016	SRR3471727	GSM2141342	IC	run782	5	EA	1e-05	0.99999	EA
EU36_L2	EU36	male	macrophage	Listeria	5	100bp	FALSE	FALSE	poly(A)	TRUE	Nedelec_2016	SRR3471728	GSM2141343	IC	run786	6	EA	1e-05	0.99999	EA
EU36_NI2	EU36	male	macrophage	naive	5	100bp	FALSE	FALSE	poly(A)	TRUE	Nedelec_2016	SRR3471729	GSM2141344	IC	run786	6	EA	1e-05	0.99999	EA
EU36_S2	EU36	male	macrophage	Salmonella	5	100bp	FALSE	FALSE	poly(A)	TRUE	Nedelec_2016	SRR3471730	GSM2141345	IC	run786	6	EA	1e-05	0.99999	EA
EU42_L2	EU42	male	macrophage	Listeria	5	100bp	FALSE	FALSE	poly(A)	TRUE	Nedelec_2016	SRR3471731	GSM2141346	IC	run782	3	EA	1e-05	0.99999	EA
EU42_NI2	EU42	male	macrophage	naive	5	100bp	FALSE	FALSE	poly(A)	TRUE	Nedelec_2016	SRR3471732	GSM2141347	IC	run782	3	EA	1e-05	0.99999	EA
EU42_S2	EU42	male	macrophage	Salmonella	5	100bp	FALSE	FALSE	poly(A)	TRUE	Nedelec_2016	SRR3471733	GSM2141348	IC	run782	3	EA	1e-05	0.99999	EA
EU46_L2	EU46	male	macrophage	Listeria	5	100bp	FALSE	FALSE	poly(A)	TRUE	Nedelec_2016	SRR3471734	GSM2141349	IC	run782	6	EA	1e-05	0.99999	EA
EU46_NI2	EU46	male	macrophage	naive	5	100bp	FALSE	FALSE	poly(A)	TRUE	Nedelec_2016	SRR3471735	GSM2141350	IC	run782	6	EA	1e-05	0.99999	EA
EU46_S2	EU46	male	macrophage	Salmonella	5	100bp	FALSE	FALSE	poly(A)	TRUE	Nedelec_2016	SRR3471736	GSM2141351	IC	run782	6	EA	1e-05	0.99999	EA
EU48_L2	EU48	male	macrophage	Listeria	5	100bp	FALSE	FALSE	poly(A)	TRUE	Nedelec_2016	SRR3471737	GSM2141352	IC	run782	4	EA	1e-05	0.99999	EA
EU48_NI2	EU48	male	macrophage	naive	5	100bp	FALSE	FALSE	poly(A)	TRUE	Nedelec_2016	SRR3471738	GSM2141353	IC	run782	4	EA	1e-05	0.99999	EA
EU48_S2	EU48	male	macrophage	Salmonella	5	100bp	FALSE	FALSE	poly(A)	TRUE	Nedelec_2016	SRR3471739	GSM2141354	IC	run782	4	EA	1e-05	0.99999	EA
EU50_L2	EU50	male	macrophage	Listeria	5	100bp	FALSE	FALSE	poly(A)	TRUE	Nedelec_2016	SRR3471740	GSM2141355	IC	run786	8	EA	1e-05	0.99999	EA
EU50_NI2	EU50	male	macrophage	naive	5	100bp	FALSE	FALSE	poly(A)	TRUE	Nedelec_2016	SRR3471741	GSM2141356	IC	run786	8	EA	1e-05	0.99999	EA
EU50_S2	EU50	male	macrophage	Salmonella	5	100bp	FALSE	FALSE	poly(A)	TRUE	Nedelec_2016	SRR3471742	GSM2141357	IC	run786	8	EA	1e-05	0.99999	EA
EU52_L2	EU52	male	macrophage	Listeria	5	100bp	FALSE	FALSE	poly(A)	TRUE	Nedelec_2016	SRR3471743	GSM2141358	IC	run782	8	EA	1e-05	0.99999	EA
EU52_NI2	EU52	male	macrophage	naive	5	100bp	FALSE	FALSE	poly(A)	TRUE	Nedelec_2016	SRR3471744	GSM2141359	IC	run782	8	EA	1e-05	0.99999	EA
EU52_S2	EU52	male	macrophage	Salmonella	5	100bp	FALSE	FALSE	poly(A)	TRUE	Nedelec_2016	SRR3471745	GSM2141360	IC	run782	8	EA	1e-05	0.99999	EA
EU54_L2	EU54	male	macrophage	Listeria	5	100bp	FALSE	FALSE	poly(A)	TRUE	Nedelec_2016	SRR3471746	GSM2141361	IC	run782	7	EA	1e-05	0.99999	EA
EU54_NI2	EU54	male	macrophage	naive	5	100bp	FALSE	FALSE	poly(A)	TRUE	Nedelec_2016	SRR3471747	GSM2141362	IC	run782	7	EA	1e-05	0.99999	EA
EU54_S2	EU54	male	macrophage	Salmonella	5	100bp	FALSE	FALSE	poly(A)	TRUE	Nedelec_2016	SRR3471748	GSM2141363	IC	run782	7	EA	1e-05	0.99999	EA
EU58_L2	EU58	male	macrophage	Listeria	5	100bp	FALSE	FALSE	poly(A)	TRUE	Nedelec_2016	SRR3471749	GSM2141364	IC	run782	1	EA	1e-05	0.99999	EA
EU58_NI2	EU58	male	macrophage	naive	5	100bp	FALSE	FALSE	poly(A)	TRUE	Nedelec_2016	SRR3471750	GSM2141365	IC	run782	1	EA	1e-05	0.99999	EA
EU58_S2	EU58	male	macrophage	Salmonella	5	100bp	FALSE	FALSE	poly(A)	TRUE	Nedelec_2016	SRR3471751	GSM2141366	IC	run782	1	EA	1e-05	0.99999	EA
EU60_L2	EU60	male	macrophage	Listeria	5	100bp	FALSE	FALSE	poly(A)	TRUE	Nedelec_2016	SRR3471752	GSM2141367	IC	run782	2	EA	1e-05	0.99999	EA
EU60_NI2	EU60	male	macrophage	naive	5	100bp	FALSE	FALSE	poly(A)	TRUE	Nedelec_2016	SRR3471753	GSM2141368	IC	run782	2	EA	1e-05	0.99999	EA
EU60_S2	EU60	male	macrophage	Salmonella	5	100bp	FALSE	FALSE	poly(A)	TRUE	Nedelec_2016	SRR3471754	GSM2141369	IC	run782	2	EA	1e-05	0.99999	EA
EU62_L2	EU62	male	macrophage	Listeria	5	100bp	FALSE	FALSE	poly(A)	TRUE	Nedelec_2016	SRR3471755	GSM2141370	IC	run786	1	EA	1e-05	0.99999	EA
EU62_NI2	EU62	male	macrophage	naive	5	100bp	FALSE	FALSE	poly(A)	TRUE	Nedelec_2016	SRR3471756	GSM2141371	IC	run786	1	EA	1e-05	0.99999	EA
EU62_S2	EU62	male	macrophage	Salmonella	5	100bp	FALSE	FALSE	poly(A)	TRUE	Nedelec_2016	SRR3471757	GSM2141372	IC	run786	1	EA	1e-05	0.99999	EA
EU64_L2	EU64	male	macrophage	Listeria	5	100bp	FALSE	FALSE	poly(A)	TRUE	Nedelec_2016	SRR3471758	GSM2141373	IC	run786	4	EA	1e-05	0.99999	EA
EU64_NI2	EU64	male	macrophage	naive	5	100bp	FALSE	FALSE	poly(A)	TRUE	Nedelec_2016	SRR3471759	GSM2141374	IC	run786	4	EA	1e-05	0.99999	EA
EU64_S2	EU64	male	macrophage	Salmonella	5	100bp	FALSE	FALSE	poly(A)	TRUE	Nedelec_2016	SRR3471760	GSM2141375	IC	run786	4	EA	1e-05	0.99999	EA
EU66_L2	EU66	male	macrophage	Listeria	5	100bp	FALSE	FALSE	poly(A)	TRUE	Nedelec_2016	SRR3471761	GSM2141376	IC	run786	2	EA	1e-05	0.99999	EA
EU66_NI2	EU66	male	macrophage	naive	5	100bp	FALSE	FALSE	poly(A)	TRUE	Nedelec_2016	SRR3471762	GSM2141377	IC	run786	2	EA	1e-05	0.99999	EA
EU66_S2	EU66	male	macrophage	Salmonella	5	100bp	FALSE	FALSE	poly(A)	TRUE	Nedelec_2016	SRR3471763	GSM2141378	IC	run786	2	EA	1e-05	0.99999	EA
AF47_NI2	AF47	male	macrophage	naive	5	100bp	FALSE	FALSE	poly(A)	TRUE	Nedelec_2016	SRR3471664	GSM2141279	IC	run782	2	AA	0.223309	0.776691	EA
AF47_S2	AF47	male	macrophage	Salmonella	5	100bp	FALSE	FALSE	poly(A)	TRUE	Nedelec_2016	SRR3471665	GSM2141280	IC	run782	2	AA	0.223309	0.776691	EA
AF53_L2	AF53	male	macrophage	Listeria	5	100bp	FALSE	FALSE	poly(A)	TRUE	Nedelec_2016	SRR3471666	GSM2141281	IC	run786	2	AA	0.87972	0.12028	AA
AF53_NI2	AF53	male	macrophage	naive	5	100bp	FALSE	FALSE	poly(A)	TRUE	Nedelec_2016	SRR3471667	GSM2141282	IC	run786	2	AA	0.87972	0.12028	AA
AF53_S2	AF53	male	macrophage	Salmonella	5	100bp	FALSE	FALSE	poly(A)	TRUE	Nedelec_2016	SRR3471668	GSM2141283	IC	run786	2	AA	0.87972	0.12028	AA
AF57_L2	AF57	male	macrophage	Listeria	5	100bp	FALSE	FALSE	poly(A)	TRUE	Nedelec_2016	SRR3471669	GSM2141284	IC	run786	6	AA	0.708263	0.291737	NA
AF57_NI2	AF57	male	macrophage	naive	5	100bp	FALSE	FALSE	poly(A)	TRUE	Nedelec_2016	SRR3471670	GSM2141285	IC	run786	6	AA	0.708263	0.291737	NA
AF57_S2	AF57	male	macrophage	Salmonella	5	100bp	FALSE	FALSE	poly(A)	TRUE	Nedelec_2016	SRR3471671	GSM2141286	IC	run786	6	AA	0.708263	0.291737	NA
AF59_L2	AF59	male	macrophage	Listeria	5	100bp	FALSE	FALSE	poly(A)	TRUE	Nedelec_2016	SRR3471672	GSM2141287	IC	run786	4	AA	0.871641	0.128359	AA
AF59_NI2	AF59	male	macrophage	naive	5	100bp	FALSE	FALSE	poly(A)	TRUE	Nedelec_2016	SRR3471673	GSM2141288	IC	run786	4	AA	0.871641	0.128359	AA
AF59_S2	AF59	male	macrophage	Salmonella	5	100bp	FALSE	FALSE	poly(A)	TRUE	Nedelec_2016	SRR3471674	GSM2141289	IC	run786	4	AA	0.871641	0.128359	AA
AF61_L2	AF61	male	macrophage	Listeria	5	100bp	FALSE	FALSE	poly(A)	TRUE	Nedelec_2016	SRR3471675	GSM2141290	IC	run786	7	AA	0.78866	0.21134	AA
AF61_NI2	AF61	male	macrophage	naive	5	100bp	FALSE	FALSE	poly(A)	TRUE	Nedelec_2016	SRR3471676	GSM2141291	IC	run786	7	AA	0.78866	0.21134	AA
AF61_S2	AF61	male	macrophage	Salmonella	5	100bp	FALSE	FALSE	poly(A)	TRUE	Nedelec_2016	SRR3471677	GSM2141292	IC	run786	7	AA	0.78866	0.21134	AA
AF63_L2	AF63	male	macrophage	Listeria	5	100bp	FALSE	FALSE	poly(A)	TRUE	Nedelec_2016	SRR3471678	GSM2141293	IC	run1104	7	AA	0.795462	0.204538	AA
AF63_NI2	AF63	male	macrophage	naive	5	100bp	FALSE	FALSE	poly(A)	TRUE	Nedelec_2016	SRR3471679	GSM2141294	IC	run1104	7	AA	0.795462	0.204538	AA
AF63_S2	AF63	male	macrophage	Salmonella	5	100bp	FALSE	FALSE	poly(A)	TRUE	Nedelec_2016	SRR3471680	GSM2141295	IC	run1104	7	AA	0.795462	0.204538	AA
AF65_L2	AF65	male	macrophage	Listeria	5	100bp	FALSE	FALSE	poly(A)	TRUE	Nedelec_2016	SRR3471681	GSM2141296	IC	run1104	4	AA	0.796079	0.203921	AA
AF65_NI2	AF65	male	macrophage	naive	5	100bp	FALSE	FALSE	poly(A)	TRUE	Nedelec_2016	SRR3471682	GSM2141297	IC	run1104	4	AA	0.796079	0.203921	AA
AF65_S2	AF65	male	macrophage	Salmonella	5	100bp	FALSE	FALSE	poly(A)	TRUE	Nedelec_2016	SRR3471683	GSM2141298	IC	run1104	4	AA	0.796079	0.203921	AA
AF67_L2	AF67	male	macrophage	Listeria	5	100bp	FALSE	FALSE	poly(A)	TRUE	Nedelec_2016	SRR3471684	GSM2141299	IC	run1104	5	AA	0.831366	0.168634	AA
AF67_NI2	AF67	male	macrophage	naive	5	100bp	FALSE	FALSE	poly(A)	TRUE	Nedelec_2016	SRR3471685	GSM2141300	IC	run1104	5	AA	0.831366	0.168634	AA
AF67_S2	AF67	male	macrophage	Salmonella	5	100bp	FALSE	FALSE	poly(A)	TRUE	Nedelec_2016	SRR3471686	GSM2141301	IC	run1104	5	AA	0.831366	0.168634	AA
AF69_L2	AF69	male	macrophage	Listeria	5	100bp	FALSE	FALSE	poly(A)	TRUE	Nedelec_2016	SRR3471687	GSM2141302	IC	run1104	3	AA	0.885108	0.114892	AA
AF69_NI2	AF69	male	macrophage	naive	5	100bp	FALSE	FALSE	poly(A)	TRUE	Nedelec_2016	SRR3471688	GSM2141303	IC	run1104	3	AA	0.885108	0.114892	AA
AF69_S2	AF69	male	macrophage	Salmonella	5	100bp	FALSE	FALSE	poly(A)	TRUE	Nedelec_2016	SRR3471689	GSM2141304	IC	run1104	3	AA	0.885108	0.114892	AA
AF71_L2	AF71	male	macrophage	Listeria	5	100bp	FALSE	FALSE	poly(A)	TRUE	Nedelec_2016	SRR3471690	GSM2141305	IC	run1104	6	AA	0.749386	0.250614	NA
AF71_NI2	AF71	male	macrophage	naive	5	100bp	FALSE	FALSE	poly(A)	TRUE	Nedelec_2016	SRR3471691	GSM2141306	IC	run1104	6	AA	0.749386	0.250614	NA
AF71_S2	AF71	male	macrophage	Salmonella	5	100bp	FALSE	FALSE	poly(A)	TRUE	Nedelec_2016	SRR3471692	GSM2141307	IC	run1104	6	AA	0.749386	0.250614	NA
AF77_L2	AF77	male	macrophage	Listeria	5	100bp	FALSE	FALSE	poly(A)	TRUE	Nedelec_2016	SRR3471693	GSM2141308	IC	run1104	7	AA	0.740356	0.259644	NA
AF77_NI2	AF77	male	macrophage	naive	5	100bp	FALSE	FALSE	poly(A)	TRUE	Nedelec_2016	SRR3471694	GSM2141309	IC	run1104	7	AA	0.740356	0.259644	NA
AF77_S2	AF77	male	macrophage	Salmonella	5	100bp	FALSE	FALSE	poly(A)	TRUE	Nedelec_2016	SRR3471695	GSM2141310	IC	run1104	7	AA	0.740356	0.259644	NA
AF79_L2	AF79	male	macrophage	Listeria	5	100bp	FALSE	FALSE	poly(A)	TRUE	Nedelec_2016	SRR3471696	GSM2141311	IC	run1144	3	AA	0.559903	0.440097	NA
AF79_NI2	AF79	male	macrophage	naive	5	100bp	FALSE	FALSE	poly(A)	TRUE	Nedelec_2016	SRR3471697	GSM2141312	IC	run1144	3	AA	0.559903	0.440097	NA
AF79_S2	AF79	male	macrophage	Salmonella	5	100bp	FALSE	FALSE	poly(A)	TRUE	Nedelec_2016	SRR3471698	GSM2141313	IC	run1144	3	AA	0.559903	0.440097	NA
EU06_L2	EU06	male	macrophage	Listeria	5	100bp	FALSE	FALSE	poly(A)	TRUE	Nedelec_2016	SRR3471699	GSM2141314	IC	run786	5	EA	1e-05	0.99999	EA
EU06_NI2	EU06	male	macrophage	naive	5	100bp	FALSE	FALSE	poly(A)	TRUE	Nedelec_2016	SRR3471700	GSM2141315	IC	run786	5	EA	1e-05	0.99999	EA
EU06_S2	EU06	male	macrophage	Salmonella	5	100bp	FALSE	FALSE	poly(A)	TRUE	Nedelec_2016	SRR3471701	GSM2141316	IC	run786	5	EA	1e-05	0.99999	EA
EU14_L2	EU14	male	macrophage	Listeria	5	100bp	FALSE	FALSE	poly(A)	TRUE	Nedelec_2016	SRR3471702	GSM2141317	IC	run580	4	EA	1e-05	0.99999	EA
EU14_NI2	EU14	male	macrophage	naive	5	100bp	FALSE	FALSE	poly(A)	TRUE	Nedelec_2016	SRR3471703	GSM2141318	IC	run580	4	EA	1e-05	0.99999	EA
EU14_S2	EU14	male	macrophage	Salmonella	5	100bp	FALSE	FALSE	poly(A)	TRUE	Nedelec_2016	SRR3471704	GSM2141319	IC	run580	4	EA	1e-05	0.99999	EA
EU16_L2	EU16	male	macrophage	Listeria	5	100bp	FALSE	FALSE	poly(A)	TRUE	Nedelec_2016	SRR3471705	GSM2141320	IC	run580	2	EA	1e-05	0.99999	EA
EU16_NI2	EU16	male	macrophage	naive	5	100bp	FALSE	FALSE	poly(A)	TRUE	Nedelec_2016	SRR3471706	GSM2141321	IC	run580	2	EA	1e-05	0.99999	EA
EU16_S2	EU16	male	macrophage	Salmonella	5	100bp	FALSE	FALSE	poly(A)	TRUE	Nedelec_2016	SRR3471707	GSM2141322	IC	run580	2	EA	1e-05	0.99999	EA
EU20_NI2	EU20	male	macrophage	naive	5	100bp	FALSE	FALSE	poly(A)	TRUE	Nedelec_2016	SRR3471708	GSM2141323	IC	run809	7	EA	1e-05	0.99999	EA
EU20_S2	EU20	male	macrophage	Salmonella	5	100bp	FALSE	FALSE	poly(A)	TRUE	Nedelec_2016	SRR3471709	GSM2141324	IC	run809	7	EA	1e-05	0.99999	EA
EU22_L2	EU22	male	macrophage	Listeria	5	100bp	FALSE	FALSE	poly(A)	TRUE	Nedelec_2016	SRR3471710	GSM2141325	IC	run580	3	EA	1e-05	0.99999	EA
EU22_NI2	EU22	male	macrophage	naive	5	100bp	FALSE	FALSE	poly(A)	TRUE	Nedelec_2016	SRR3471711	GSM2141326	IC	run580	3	EA	1e-05	0.99999	EA
EU22_S2	EU22	male	macrophage	Salmonella	5	100bp	FALSE	FALSE	poly(A)	TRUE	Nedelec_2016	SRR3471712	GSM2141327	IC	run580	3	EA	1e-05	0.99999	EA
EU24_L2	EU24	male	macrophage	Listeria	5	100bp	FALSE	FALSE	poly(A)	TRUE	Nedelec_2016	SRR3471713	GSM2141328	IC	run580	7	EA	1e-05	0.99999	EA
EU24_NI2	EU24	male	macrophage	naive	5	100bp	FALSE	FALSE	poly(A)	TRUE	Nedelec_2016	SRR3471714	GSM2141329	IC	run580	7	EA	1e-05	0.99999	EA
EU24_S2	EU24	male	macrophage	Salmonella	5	100bp	FALSE	FALSE	poly(A)	TRUE	Nedelec_2016	SRR3471715	GSM2141330	IC	run580	7	EA	1e-05	0.99999	EA
EU26_L2	EU26	male	macrophage	Listeria	5	100bp	FALSE	FALSE	poly(A)	TRUE	Nedelec_2016	SRR3471716	GSM2141331	IC	run580	5	EA	1e-05	0.99999	EA
EU26_NI2	EU26	male	macrophage	naive	5	100bp	FALSE	FALSE	poly(A)	TRUE	Nedelec_2016	SRR3471717	GSM2141332	IC	run580	5	EA	1e-05	0.99999	EA
EU26_S2	EU26	male	macrophage	Salmonella	5	100bp	FALSE	FALSE	poly(A)	TRUE	Nedelec_2016	SRR3471718	GSM2141333	IC	run580	5	EA	1e-05	0.99999	EA
EU28_L2	EU28	male	macrophage	Listeria	5	100bp	FALSE	FALSE	poly(A)	TRUE	Nedelec_2016	SRR3471719	GSM2141334	IC	run572	8	EA	1e-05	0.99999	EA
EU28_NI2	EU28	male	macrophage	naive	5	100bp	FALSE	FALSE	poly(A)	TRUE	Nedelec_2016	SRR3471720	GSM2141335	IC	run572	8	EA	1e-05	0.99999	EA
EU28_S2	EU28	male	macrophage	Salmonella	5	100bp	FALSE	FALSE	poly(A)	TRUE	Nedelec_2016	SRR3471721	GSM2141336	IC	run572	8	EA	1e-05	0.99999	EA
EU30_L2	EU30	male	macrophage	Listeria	5	100bp	FALSE	FALSE	poly(A)	TRUE	Nedelec_2016	SRR3471722	GSM2141337	IC	run580	6	EA	1e-05	0.99999	EA
EU30_NI2	EU30	male	macrophage	naive	5	100bp	FALSE	FALSE	poly(A)	TRUE	Nedelec_2016	SRR3471723	GSM2141338	IC	run580	6	EA	1e-05	0.99999	EA
AF17_L2	AF17	male	macrophage	Listeria	5	100bp	FALSE	FALSE	poly(A)	TRUE	Nedelec_2016	SRR3471624	GSM2141239	IC	run809	7	AA	0.643899	0.356101	NA
AF17_NI2	AF17	male	macrophage	naive	5	100bp	FALSE	FALSE	poly(A)	TRUE	Nedelec_2016	SRR3471625	GSM2141240	IC	run809	7	AA	0.643899	0.356101	NA
AF17_S2	AF17	male	macrophage	Salmonella	5	100bp	FALSE	FALSE	poly(A)	TRUE	Nedelec_2016	SRR3471626	GSM2141241	IC	run809	7	AA	0.643899	0.356101	NA
AF19_L2	AF19	male	macrophage	Listeria	5	100bp	FALSE	FALSE	poly(A)	TRUE	Nedelec_2016	SRR3471627	GSM2141242	IC	run580	4	AA	0.783826	0.216174	AA
AF19_NI2	AF19	male	macrophage	naive	5	100bp	FALSE	FALSE	poly(A)	TRUE	Nedelec_2016	SRR3471628	GSM2141243	IC	run580	4	AA	0.783826	0.216174	AA
AF19_S2	AF19	male	macrophage	Salmonella	5	100bp	FALSE	FALSE	poly(A)	TRUE	Nedelec_2016	SRR3471629	GSM2141244	IC	run580	4	AA	0.783826	0.216174	AA
AF21_L2	AF21	male	macrophage	Listeria	5	100bp	FALSE	FALSE	poly(A)	TRUE	Nedelec_2016	SRR3471630	GSM2141245	IC	run580	2	AA	0.337424	0.662576	NA
AF21_NI2	AF21	male	macrophage	naive	5	100bp	FALSE	FALSE	poly(A)	TRUE	Nedelec_2016	SRR3471631	GSM2141246	IC	run580	2	AA	0.337424	0.662576	NA
AF21_S2	AF21	male	macrophage	Salmonella	5	100bp	FALSE	FALSE	poly(A)	TRUE	Nedelec_2016	SRR3471632	GSM2141247	IC	run580	2	AA	0.337424	0.662576	NA
AF23_L2	AF23	male	macrophage	Listeria	5	100bp	FALSE	FALSE	poly(A)	TRUE	Nedelec_2016	SRR3471633	GSM2141248	IC	run580	3	AA	0.701112	0.298888	NA
AF23_NI2	AF23	male	macrophage	naive	5	100bp	FALSE	FALSE	poly(A)	TRUE	Nedelec_2016	SRR3471634	GSM2141249	IC	run580	3	AA	0.701112	0.298888	NA
AF23_S2	AF23	male	macrophage	Salmonella	5	100bp	FALSE	FALSE	poly(A)	TRUE	Nedelec_2016	SRR3471635	GSM2141250	IC	run580	3	AA	0.701112	0.298888	NA
AF25_L2	AF25	male	macrophage	Listeria	5	100bp	FALSE	FALSE	poly(A)	TRUE	Nedelec_2016	SRR3471636	GSM2141251	IC	run572	8	AA	0.452036	0.547964	NA
AF25_NI2	AF25	male	macrophage	naive	5	100bp	FALSE	FALSE	poly(A)	TRUE	Nedelec_2016	SRR3471637	GSM2141252	IC	run572	8	AA	0.452036	0.547964	NA
AF25_S2	AF25	male	macrophage	Salmonella	5	100bp	FALSE	FALSE	poly(A)	TRUE	Nedelec_2016	SRR3471638	GSM2141253	IC	run572	8	AA	0.452036	0.547964	NA
AF27_L2	AF27	male	macrophage	Listeria	5	100bp	FALSE	FALSE	poly(A)	TRUE	Nedelec_2016	SRR3471639	GSM2141254	IC	run580	5	AA	0.627346	0.372654	NA
AF27_NI2	AF27	male	macrophage	naive	5	100bp	FALSE	FALSE	poly(A)	TRUE	Nedelec_2016	SRR3471640	GSM2141255	IC	run580	5	AA	0.627346	0.372654	NA
AF27_S2	AF27	male	macrophage	Salmonella	5	100bp	FALSE	FALSE	poly(A)	TRUE	Nedelec_2016	SRR3471641	GSM2141256	IC	run580	5	AA	0.627346	0.372654	NA
AF29_L2	AF29	male	macrophage	Listeria	5	100bp	FALSE	FALSE	poly(A)	TRUE	Nedelec_2016	SRR3471642	GSM2141257	IC	run580	6	AA	0.74666	0.25334	NA
AF29_NI2	AF29	male	macrophage	naive	5	100bp	FALSE	FALSE	poly(A)	TRUE	Nedelec_2016	SRR3471643	GSM2141258	IC	run580	6	AA	0.74666	0.25334	NA
AF29_S2	AF29	male	macrophage	Salmonella	5	100bp	FALSE	FALSE	poly(A)	TRUE	Nedelec_2016	SRR3471644	GSM2141259	IC	run580	6	AA	0.74666	0.25334	NA
AF31_L2	AF31	male	macrophage	Listeria	5	100bp	FALSE	FALSE	poly(A)	TRUE	Nedelec_2016	SRR3471645	GSM2141260	IC	run580	7	AA	0.852284	0.147716	AA
AF31_NI2	AF31	male	macrophage	naive	5	100bp	FALSE	FALSE	poly(A)	TRUE	Nedelec_2016	SRR3471646	GSM2141261	IC	run580	7	AA	0.852284	0.147716	AA
AF31_S2	AF31	male	macrophage	Salmonella	5	100bp	FALSE	FALSE	poly(A)	TRUE	Nedelec_2016	SRR3471647	GSM2141262	IC	run580	7	AA	0.852284	0.147716	AA
AF35_L2	AF35	male	macrophage	Listeria	5	100bp	FALSE	FALSE	poly(A)	TRUE	Nedelec_2016	SRR3471648	GSM2141263	IC	run782	5	AA	0.714324	0.285676	NA
AF35_NI2	AF35	male	macrophage	naive	5	100bp	FALSE	FALSE	poly(A)	TRUE	Nedelec_2016	SRR3471649	GSM2141264	IC	run782	5	AA	0.714324	0.285676	NA
AF35_S2	AF35	male	macrophage	Salmonella	5	100bp	FALSE	FALSE	poly(A)	TRUE	Nedelec_2016	SRR3471650	GSM2141265	IC	run782	5	AA	0.714324	0.285676	NA
AF37_L2	AF37	male	macrophage	Listeria	5	100bp	FALSE	FALSE	poly(A)	TRUE	Nedelec_2016	SRR3471651	GSM2141266	IC	run782	8	AA	0.35025	0.64975	NA
AF37_NI2	AF37	male	macrophage	naive	5	100bp	FALSE	FALSE	poly(A)	TRUE	Nedelec_2016	SRR3471652	GSM2141267	IC	run782	8	AA	0.35025	0.64975	NA
AF37_S2	AF37	male	macrophage	Salmonella	5	100bp	FALSE	FALSE	poly(A)	TRUE	Nedelec_2016	SRR3471653	GSM2141268	IC	run782	8	AA	0.35025	0.64975	NA
AF39_L2	AF39	male	macrophage	Listeria	5	100bp	FALSE	FALSE	poly(A)	TRUE	Nedelec_2016	SRR3471654	GSM2141269	IC	run786	1	AA	0.506293	0.493707	NA
AF39_NI2	AF39	male	macrophage	naive	5	100bp	FALSE	FALSE	poly(A)	TRUE	Nedelec_2016	SRR3471655	GSM2141270	IC	run786	1	AA	0.506293	0.493707	NA
AF39_S2	AF39	male	macrophage	Salmonella	5	100bp	FALSE	FALSE	poly(A)	TRUE	Nedelec_2016	SRR3471656	GSM2141271	IC	run786	1	AA	0.506293	0.493707	NA
AF41_L2	AF41	male	macrophage	Listeria	5	100bp	FALSE	FALSE	poly(A)	TRUE	Nedelec_2016	SRR3471657	GSM2141272	IC	run782	1	AA	0.647582	0.352418	NA
AF41_NI2	AF41	male	macrophage	naive	5	100bp	FALSE	FALSE	poly(A)	TRUE	Nedelec_2016	SRR3471658	GSM2141273	IC	run782	1	AA	0.647582	0.352418	NA
AF41_S2	AF41	male	macrophage	Salmonella	5	100bp	FALSE	FALSE	poly(A)	TRUE	Nedelec_2016	SRR3471659	GSM2141274	IC	run782	1	AA	0.647582	0.352418	NA
AF43_L2	AF43	male	macrophage	Listeria	5	100bp	FALSE	FALSE	poly(A)	TRUE	Nedelec_2016	SRR3471660	GSM2141275	IC	run782	3	AA	0.841591	0.158409	AA
AF43_NI2	AF43	male	macrophage	naive	5	100bp	FALSE	FALSE	poly(A)	TRUE	Nedelec_2016	SRR3471661	GSM2141276	IC	run782	3	AA	0.841591	0.158409	AA
AF43_S2	AF43	male	macrophage	Salmonella	5	100bp	FALSE	FALSE	poly(A)	TRUE	Nedelec_2016	SRR3471662	GSM2141277	IC	run782	3	AA	0.841591	0.158409	AA
AF47_L2	AF47	male	macrophage	Listeria	5	100bp	FALSE	FALSE	poly(A)	TRUE	Nedelec_2016	SRR3471663	GSM2141278	IC	run782	2	AA	0.223309	0.776691	EA
AF11_L2	AF11	male	macrophage	Listeria	5	100bp	FALSE	FALSE	poly(A)	TRUE	Nedelec_2016	SRR3471621	GSM2141236	IC	run786	8	AA	0.96425	0.03575	AA
AF11_NI2	AF11	male	macrophage	naive	5	100bp	FALSE	FALSE	poly(A)	TRUE	Nedelec_2016	SRR3471622	GSM2141237	IC	run786	8	AA	0.96425	0.03575	AA
AF11_S2	AF11	male	macrophage	Salmonella	5	100bp	FALSE	FALSE	poly(A)	TRUE	Nedelec_2016	SRR3471623	GSM2141238	IC	run786	8	AA	0.96425	0.03575	AA
