sample_id	genotype_id	sex	cell_type	condition	timepoint	read_length	stranded	paired	protocol	qtl_mapping	study	file_name	ega_file_name	rna_qc_passed
UCB018	UC018	female	LCL	naive	0	50bp	FALSE	TRUE	poly(A)	TRUE	GENCORD	UC018L_110204_2_sorted.bam	EGAF00000187089	TRUE
UCB019	UC019	female	LCL	naive	0	50bp	FALSE	TRUE	poly(A)	TRUE	GENCORD	UC019L_100930_1_sorted.bam	EGAF00000187091	TRUE
UCB024	UC024	male	LCL	naive	0	50bp	FALSE	TRUE	poly(A)	TRUE	GENCORD	UC024L_110204_1_sorted.bam	EGAF00000187093	TRUE
UCB025	UC025	female	LCL	naive	0	50bp	FALSE	TRUE	poly(A)	TRUE	GENCORD	UC025L_110413_1_sorted.bam	EGAF00000187096	TRUE
UCB042	UC042	female	LCL	naive	0	50bp	FALSE	TRUE	poly(A)	TRUE	GENCORD	UC042L_100930_2_sorted.bam	EGAF00000187101	TRUE
UCB048	UC048	female	LCL	naive	0	50bp	FALSE	TRUE	poly(A)	TRUE	GENCORD	UC048L_110413_5_sorted.bam	EGAF00000187104	TRUE
UCB049	UC049	male	LCL	naive	0	50bp	FALSE	TRUE	poly(A)	TRUE	GENCORD	UC049L_110204_2_sorted.bam	EGAF00000187107	TRUE
UCB050	UC050	male	LCL	naive	0	50bp	FALSE	TRUE	poly(A)	TRUE	GENCORD	UC050L_110413_1_sorted.bam	EGAF00000187110	TRUE
UCB051	UC051	male	LCL	naive	0	50bp	FALSE	TRUE	poly(A)	TRUE	GENCORD	UC051L_110204_4_sorted.bam	EGAF00000187113	TRUE
UCB060	UC060	female	LCL	naive	0	50bp	FALSE	TRUE	poly(A)	TRUE	GENCORD	UC060L_110204_5_sorted.bam	EGAF00000187116	TRUE
UCB062	UC062	male	LCL	naive	0	50bp	FALSE	TRUE	poly(A)	TRUE	GENCORD	UC062L_100930_3_sorted.bam	EGAF00000187119	TRUE
UCB078	UC078	male	LCL	naive	0	50bp	FALSE	TRUE	poly(A)	TRUE	GENCORD	UC078L_110204_6_sorted.bam	EGAF00000187121	TRUE
UCB086	UC086	female	LCL	naive	0	50bp	FALSE	TRUE	poly(A)	TRUE	GENCORD	UC086L_110204_7_sorted.bam	EGAF00000187126	TRUE
UCB087	UC087	male	LCL	naive	0	50bp	FALSE	TRUE	poly(A)	TRUE	GENCORD	UC087L_110204_6_sorted.bam	EGAF00000187127	FALSE
UCB088	UC088	female	LCL	naive	0	50bp	FALSE	TRUE	poly(A)	TRUE	GENCORD	UC088L_110204_1_sorted.bam	EGAF00000187130	TRUE
UCB093	UC093	male	LCL	naive	0	50bp	FALSE	TRUE	poly(A)	TRUE	GENCORD	UC093L_101108_8_sorted.bam	EGAF00000187133	TRUE
UCB1001	UC1001	female	LCL	naive	0	50bp	FALSE	TRUE	poly(A)	TRUE	GENCORD	UCB1001_120315_6_sorted.bam	EGAF00000187239	TRUE
UCB1007	UC1007	female	LCL	naive	0	50bp	FALSE	TRUE	poly(A)	TRUE	GENCORD	UCB1007_120229_8_sorted.bam	EGAF00000187240	TRUE
UCB100	UC100	female	LCL	naive	0	50bp	FALSE	TRUE	poly(A)	TRUE	GENCORD	UC100L_110413_5_sorted.bam	EGAF00000187136	TRUE
UCB1010	UC1010	female	LCL	naive	0	50bp	FALSE	TRUE	poly(A)	TRUE	GENCORD	UCB1010_120224_5_sorted.bam	EGAF00000187241	TRUE
UCB1011	UC1011	male	LCL	naive	0	50bp	FALSE	TRUE	poly(A)	TRUE	GENCORD	UCB1011_120224_3_sorted.bam	EGAF00000187242	TRUE
UCB1012	UC1012	male	LCL	naive	0	50bp	FALSE	TRUE	poly(A)	TRUE	GENCORD	UCB1012_120229_2_sorted.bam	EGAF00000187243	TRUE
UCB1014	UC1014	female	LCL	naive	0	50bp	FALSE	TRUE	poly(A)	TRUE	GENCORD	UCB1014_120229_2_sorted.bam	EGAF00000187244	TRUE
UCB1016	UC1016	female	LCL	naive	0	50bp	FALSE	TRUE	poly(A)	TRUE	GENCORD	UCB1016_120202_5_sorted.bam	EGAF00000187245	TRUE
UCB1021	UC1021	female	LCL	naive	0	50bp	FALSE	TRUE	poly(A)	TRUE	GENCORD	UCB1021_120229_4_sorted.bam	EGAF00000187246	TRUE
UCB1023	UC1023	female	LCL	naive	0	50bp	FALSE	TRUE	poly(A)	TRUE	GENCORD	UCB1023_120229_2_sorted.bam	EGAF00000187247	TRUE
UCB1024	UC1024	male	LCL	naive	0	50bp	FALSE	TRUE	poly(A)	TRUE	GENCORD	UCB1024_120229_3_sorted.bam	EGAF00000187248	TRUE
UCB1025	UC1025	male	LCL	naive	0	50bp	FALSE	TRUE	poly(A)	TRUE	GENCORD	UCB1025_120202_5_sorted.bam	EGAF00000187249	TRUE
UCB1027	UC1027	female	LCL	naive	0	50bp	FALSE	TRUE	poly(A)	TRUE	GENCORD	UCB1027_120224_8_sorted.bam	EGAF00000187250	TRUE
UCB1028	UC1028	male	LCL	naive	0	50bp	FALSE	TRUE	poly(A)	TRUE	GENCORD	UCB1028_120229_5_sorted.bam	EGAF00000187251	TRUE
UCB1029	UC1029	male	LCL	naive	0	50bp	FALSE	TRUE	poly(A)	TRUE	GENCORD	UCB1029_120229_2_sorted.bam	EGAF00000187252	TRUE
UCB1030	UC1030	male	LCL	naive	0	50bp	FALSE	TRUE	poly(A)	TRUE	GENCORD	UCB1030_120229_7_sorted.bam	EGAF00000187253	TRUE
UCB103	UC103	male	LCL	naive	0	50bp	FALSE	TRUE	poly(A)	TRUE	GENCORD	UC103L_100930_5_sorted.bam	EGAF00000187139	TRUE
UCB1040	UC1040	female	LCL	naive	0	50bp	FALSE	TRUE	poly(A)	TRUE	GENCORD	UCB1040_120224_4_sorted.bam	EGAF00000187254	TRUE
UCB1045	UC1045	female	LCL	naive	0	50bp	FALSE	TRUE	poly(A)	TRUE	GENCORD	UCB1045_120229_8_sorted.bam	EGAF00000187255	TRUE
UCB1046	UC1046	male	LCL	naive	0	50bp	FALSE	TRUE	poly(A)	TRUE	GENCORD	UCB1046_120224_7_sorted.bam	EGAF00000187256	TRUE
UCB1047	UC1047	female	LCL	naive	0	50bp	FALSE	TRUE	poly(A)	TRUE	GENCORD	UCB1047_120224_6_sorted.bam	EGAF00000187257	TRUE
UCB1048	UC1048	male	LCL	naive	0	50bp	FALSE	TRUE	poly(A)	TRUE	GENCORD	UCB1048_120224_8_sorted.bam	EGAF00000187258	TRUE
UCB1052	UC1052	female	LCL	naive	0	50bp	FALSE	TRUE	poly(A)	TRUE	GENCORD	UCB1052_120229_4_sorted.bam	EGAF00000187259	TRUE
UCB1053	UC1053	female	LCL	naive	0	50bp	FALSE	TRUE	poly(A)	TRUE	GENCORD	UCB1053_120229_3_sorted.bam	EGAF00000187260	TRUE
UCB1055	UC1055	male	LCL	naive	0	50bp	FALSE	TRUE	poly(A)	TRUE	GENCORD	UCB1055_120229_3_sorted.bam	EGAF00000187261	TRUE
UCB1056	UC1056	female	LCL	naive	0	50bp	FALSE	TRUE	poly(A)	TRUE	GENCORD	UCB1056_120229_7_sorted.bam	EGAF00000187262	TRUE
UCB1057	UC1057	female	LCL	naive	0	50bp	FALSE	TRUE	poly(A)	TRUE	GENCORD	UCB1057_120202_7_sorted.bam	EGAF00000187263	TRUE
UCB1058	UC1058	female	LCL	naive	0	50bp	FALSE	TRUE	poly(A)	TRUE	GENCORD	UCB1058_120229_3_sorted.bam	EGAF00000187264	TRUE
UCB1059	UC1059	female	LCL	naive	0	50bp	FALSE	TRUE	poly(A)	TRUE	GENCORD	UCB1059_120224_8_sorted.bam	EGAF00000187265	TRUE
UCB105	UC105	male	LCL	naive	0	50bp	FALSE	TRUE	poly(A)	TRUE	GENCORD	UC105L_110204_2_sorted.bam	EGAF00000187142	TRUE
UCB1061	UC1061	male	LCL	naive	0	50bp	FALSE	TRUE	poly(A)	TRUE	GENCORD	UCB1061_120224_1_sorted.bam	EGAF00000187266	TRUE
UCB1062	UC1062	male	LCL	naive	0	50bp	FALSE	TRUE	poly(A)	TRUE	GENCORD	UCB1062_120224_3_sorted.bam	EGAF00000187267	TRUE
UCB1064	UC1064	male	LCL	naive	0	50bp	FALSE	TRUE	poly(A)	TRUE	GENCORD	UCB1064_120229_4_sorted.bam	EGAF00000187268	TRUE
UCB1067	UC1067	male	LCL	naive	0	50bp	FALSE	TRUE	poly(A)	TRUE	GENCORD	UCB1067_120202_4_sorted.bam	EGAF00000187269	TRUE
UCB1068	UC1068	male	LCL	naive	0	50bp	FALSE	TRUE	poly(A)	TRUE	GENCORD	UCB1068_120202_8_sorted.bam	EGAF00000187270	TRUE
UCB1069	UC1069	female	LCL	naive	0	50bp	FALSE	TRUE	poly(A)	TRUE	GENCORD	UCB1069_120224_2_sorted.bam	EGAF00000187271	TRUE
UCB1070	UC1070	female	LCL	naive	0	50bp	FALSE	TRUE	poly(A)	TRUE	GENCORD	UCB1070_120229_7_sorted.bam	EGAF00000187272	TRUE
UCB1071	UC1071	female	LCL	naive	0	50bp	FALSE	TRUE	poly(A)	TRUE	GENCORD	UCB1071_120224_1_sorted.bam	EGAF00000187273	TRUE
UCB1072	UC1072	male	LCL	naive	0	50bp	FALSE	TRUE	poly(A)	TRUE	GENCORD	UCB1072_120224_4_sorted.bam	EGAF00000187274	TRUE
UCB1073	UC1073	male	LCL	naive	0	50bp	FALSE	TRUE	poly(A)	TRUE	GENCORD	UCB1073_120229_4_sorted.bam	EGAF00000187275	TRUE
UCB1074	UC1074	female	LCL	naive	0	50bp	FALSE	TRUE	poly(A)	TRUE	GENCORD	UCB1074_120224_1_sorted.bam	EGAF00000187276	TRUE
UCB1075	UC1075	male	LCL	naive	0	50bp	FALSE	TRUE	poly(A)	TRUE	GENCORD	UCB1075_120202_7_sorted.bam	EGAF00000187277	TRUE
UCB1076	UC1076	female	LCL	naive	0	50bp	FALSE	TRUE	poly(A)	TRUE	GENCORD	UCB1076_120224_1_sorted.bam	EGAF00000187278	TRUE
UCB1077	UC1077	male	LCL	naive	0	50bp	FALSE	TRUE	poly(A)	TRUE	GENCORD	UCB1077_120224_3_sorted.bam	EGAF00000187279	TRUE
UCB1078	UC1078	male	LCL	naive	0	50bp	FALSE	TRUE	poly(A)	TRUE	GENCORD	UCB1078_120224_1_sorted.bam	EGAF00000187280	TRUE
UCB1079	UC1079	male	LCL	naive	0	50bp	FALSE	TRUE	poly(A)	TRUE	GENCORD	UCB1079_120224_2_sorted.bam	EGAF00000187281	TRUE
UCB1080	UC1080	male	LCL	naive	0	50bp	FALSE	TRUE	poly(A)	TRUE	GENCORD	UCB1080_120224_4_sorted.bam	EGAF00000187282	TRUE
UCB1083	UC1083	female	LCL	naive	0	50bp	FALSE	TRUE	poly(A)	TRUE	GENCORD	UCB1083_120224_5_sorted.bam	EGAF00000187283	TRUE
UCB1085	UC1085	male	LCL	naive	0	50bp	FALSE	TRUE	poly(A)	TRUE	GENCORD	UCB1085_120229_7_sorted.bam	EGAF00000187284	TRUE
UCB1086	UC1086	male	LCL	naive	0	50bp	FALSE	TRUE	poly(A)	TRUE	GENCORD	UCB1086_120229_4_sorted.bam	EGAF00000187285	TRUE
UCB1087	UC1087	male	LCL	naive	0	50bp	FALSE	TRUE	poly(A)	TRUE	GENCORD	UCB1087_120229_7_sorted.bam	EGAF00000187286	TRUE
UCB1088	UC1088	female	LCL	naive	0	50bp	FALSE	TRUE	poly(A)	TRUE	GENCORD	UCB1088_120224_1_sorted.bam	EGAF00000187287	TRUE
UCB1089	UC1089	male	LCL	naive	0	50bp	FALSE	TRUE	poly(A)	TRUE	GENCORD	UCB1089_120229_8_sorted.bam	EGAF00000187288	TRUE
UCB108	UC108	female	LCL	naive	0	50bp	FALSE	TRUE	poly(A)	TRUE	GENCORD	UC108L_110204_3_sorted.bam	EGAF00000187145	TRUE
UCB1090	UC1090	male	LCL	naive	0	50bp	FALSE	TRUE	poly(A)	TRUE	GENCORD	UCB1090_120202_1_sorted.bam	EGAF00000187289	TRUE
UCB1091	UC1091	female	LCL	naive	0	50bp	FALSE	TRUE	poly(A)	TRUE	GENCORD	UCB1091_120229_4_sorted.bam	EGAF00000187290	TRUE
UCB1092	UC1092	female	LCL	naive	0	50bp	FALSE	TRUE	poly(A)	TRUE	GENCORD	UCB1092_120315_3_sorted.bam	EGAF00000187291	TRUE
UCB1094	UC1094	female	LCL	naive	0	50bp	FALSE	TRUE	poly(A)	TRUE	GENCORD	UCB1094_120224_7_sorted.bam	EGAF00000187292	TRUE
UCB1096	UC1096	male	LCL	naive	0	50bp	FALSE	TRUE	poly(A)	TRUE	GENCORD	UCB1096_120224_5_sorted.bam	EGAF00000187293	TRUE
UCB1097	UC1097	male	LCL	naive	0	50bp	FALSE	TRUE	poly(A)	TRUE	GENCORD	UCB1097_120224_1_sorted.bam	EGAF00000187294	TRUE
UCB1098	UC1098	male	LCL	naive	0	50bp	FALSE	TRUE	poly(A)	TRUE	GENCORD	UCB1098_120229_5_sorted.bam	EGAF00000187295	TRUE
UCB1099	UC1099	female	LCL	naive	0	50bp	FALSE	TRUE	poly(A)	TRUE	GENCORD	UCB1099_120202_5_sorted.bam	EGAF00000187296	TRUE
UCB1100	UC1100	male	LCL	naive	0	50bp	FALSE	TRUE	poly(A)	TRUE	GENCORD	UCB1100_120224_3_sorted.bam	EGAF00000187297	TRUE
UCB1101	UC1101	male	LCL	naive	0	50bp	FALSE	TRUE	poly(A)	TRUE	GENCORD	UCB1101_120229_2_sorted.bam	EGAF00000187298	TRUE
UCB1102	UC1102	female	LCL	naive	0	50bp	FALSE	TRUE	poly(A)	TRUE	GENCORD	UCB1102_120229_7_sorted.bam	EGAF00000187299	TRUE
UCB1103	UC1103	male	LCL	naive	0	50bp	FALSE	TRUE	poly(A)	TRUE	GENCORD	UCB1103_120202_6_sorted.bam	EGAF00000187300	TRUE
UCB1104	UC1104	male	LCL	naive	0	50bp	FALSE	TRUE	poly(A)	TRUE	GENCORD	UCB1104_120229_7_sorted.bam	EGAF00000187301	TRUE
UCB1105	UC1105	male	LCL	naive	0	50bp	FALSE	TRUE	poly(A)	TRUE	GENCORD	UCB1105_120202_1_sorted.bam	EGAF00000187302	TRUE
UCB1106	UC1106	female	LCL	naive	0	50bp	FALSE	TRUE	poly(A)	TRUE	GENCORD	UCB1106_120224_3_sorted.bam	EGAF00000187303	TRUE
UCB1107	UC1107	male	LCL	naive	0	50bp	FALSE	TRUE	poly(A)	TRUE	GENCORD	UCB1107_120224_8_sorted.bam	EGAF00000187304	TRUE
UCB1108	UC1108	male	LCL	naive	0	50bp	FALSE	TRUE	poly(A)	TRUE	GENCORD	UCB1108_120229_1_sorted.bam	EGAF00000187305	TRUE
UCB1109	UC1109	male	LCL	naive	0	50bp	FALSE	TRUE	poly(A)	TRUE	GENCORD	UCB1109_120229_3_sorted.bam	EGAF00000187306	TRUE
UCB110	UC110	male	LCL	naive	0	50bp	FALSE	TRUE	poly(A)	TRUE	GENCORD	UC110L_100930_6_sorted.bam	EGAF00000187147	TRUE
UCB1112	UC1112	male	LCL	naive	0	50bp	FALSE	TRUE	poly(A)	TRUE	GENCORD	UCB1112_120229_5_sorted.bam	EGAF00000187307	TRUE
UCB1113	UC1113	male	LCL	naive	0	50bp	FALSE	TRUE	poly(A)	TRUE	GENCORD	UCB1113_120202_2_sorted.bam	EGAF00000187308	TRUE
UCB1115	UC1115	male	LCL	naive	0	50bp	FALSE	TRUE	poly(A)	TRUE	GENCORD	UCB1115_120202_2_sorted.bam	EGAF00000187309	TRUE
UCB1116	UC1116	male	LCL	naive	0	50bp	FALSE	TRUE	poly(A)	TRUE	GENCORD	UCB1116_120229_2_sorted.bam	EGAF00000187310	TRUE
UCB1117	UC1117	female	LCL	naive	0	50bp	FALSE	TRUE	poly(A)	TRUE	GENCORD	UCB1117_120229_6_sorted.bam	EGAF00000187311	TRUE
UCB1119	UC1119	female	LCL	naive	0	50bp	FALSE	TRUE	poly(A)	TRUE	GENCORD	UCB1119_120229_7_sorted.bam	EGAF00000187312	TRUE
UCB1120	UC1120	male	LCL	naive	0	50bp	FALSE	TRUE	poly(A)	TRUE	GENCORD	UCB1120_120224_7_sorted.bam	EGAF00000187313	TRUE
UCB1123	UC1123	male	LCL	naive	0	50bp	FALSE	TRUE	poly(A)	TRUE	GENCORD	UCB1123_120229_3_sorted.bam	EGAF00000187314	TRUE
UCB1124	UC1124	male	LCL	naive	0	50bp	FALSE	TRUE	poly(A)	TRUE	GENCORD	UCB1124_120224_7_sorted.bam	EGAF00000187315	TRUE
UCB1125	UC1125	male	LCL	naive	0	50bp	FALSE	TRUE	poly(A)	TRUE	GENCORD	UCB1125_120202_6_sorted.bam	EGAF00000187316	TRUE
UCB1126	UC1126	female	LCL	naive	0	50bp	FALSE	TRUE	poly(A)	TRUE	GENCORD	UCB1126_120224_6_sorted.bam	EGAF00000187317	TRUE
UCB1128	UC1128	female	LCL	naive	0	50bp	FALSE	TRUE	poly(A)	TRUE	GENCORD	UCB1128_120224_3_sorted.bam	EGAF00000187318	TRUE
UCB1129	UC1129	male	LCL	naive	0	50bp	FALSE	TRUE	poly(A)	TRUE	GENCORD	UCB1129_120224_7_sorted.bam	EGAF00000187319	TRUE
UCB1130	UC1130	male	LCL	naive	0	50bp	FALSE	TRUE	poly(A)	TRUE	GENCORD	UCB1130_120224_8_sorted.bam	EGAF00000187320	TRUE
UCB1131	UC1131	female	LCL	naive	0	50bp	FALSE	TRUE	poly(A)	TRUE	GENCORD	UCB1131_120229_6_sorted.bam	EGAF00000187321	TRUE
UCB1135	UC1135	female	LCL	naive	0	50bp	FALSE	TRUE	poly(A)	TRUE	GENCORD	UCB1135_120229_5_sorted.bam	EGAF00000187322	TRUE
UCB1136	UC1136	female	LCL	naive	0	50bp	FALSE	TRUE	poly(A)	TRUE	GENCORD	UCB1136_120202_8_sorted.bam	EGAF00000187323	TRUE
UCB1137	UC1137	male	LCL	naive	0	50bp	FALSE	TRUE	poly(A)	TRUE	GENCORD	UCB1137_120229_5_sorted.bam	EGAF00000187324	TRUE
UCB1139	UC1139	female	LCL	naive	0	50bp	FALSE	TRUE	poly(A)	TRUE	GENCORD	UCB1139_120202_7_sorted.bam	EGAF00000187325	TRUE
UCB113	UC113	female	LCL	naive	0	50bp	FALSE	TRUE	poly(A)	TRUE	GENCORD	UC113L_110204_5_sorted.bam	EGAF00000187150	TRUE
UCB1143	UC1143	male	LCL	naive	0	50bp	FALSE	TRUE	poly(A)	TRUE	GENCORD	UCB1143_120229_8_sorted.bam	EGAF00000187326	TRUE
UCB1146	UC1146	female	LCL	naive	0	50bp	FALSE	TRUE	poly(A)	TRUE	GENCORD	UCB1146_120224_4_sorted.bam	EGAF00000187327	TRUE
UCB1148	UC1148	female	LCL	naive	0	50bp	FALSE	TRUE	poly(A)	TRUE	GENCORD	UCB1148_120202_5_sorted.bam	EGAF00000187328	TRUE
UCB114	UC114	male	LCL	naive	0	50bp	FALSE	TRUE	poly(A)	TRUE	GENCORD	UC114L_110218_2_sorted.bam	EGAF00000187153	TRUE
UCB1156	UC1156	male	LCL	naive	0	50bp	FALSE	TRUE	poly(A)	TRUE	GENCORD	UCB1156_120315_7_sorted.bam	EGAF00000187329	TRUE
UCB1159	UC1159	male	LCL	naive	0	50bp	FALSE	TRUE	poly(A)	TRUE	GENCORD	UCB1159_120224_5_sorted.bam	EGAF00000187330	TRUE
UCB115	UC115	male	LCL	naive	0	50bp	FALSE	TRUE	poly(A)	TRUE	GENCORD	UC115L_110221_8_sorted.bam	EGAF00000187156	TRUE
UCB1160	UC1160	female	LCL	naive	0	50bp	FALSE	TRUE	poly(A)	TRUE	GENCORD	UCB1160_120224_3_sorted.bam	EGAF00000187331	TRUE
UCB1161	UC1161	female	LCL	naive	0	50bp	FALSE	TRUE	poly(A)	TRUE	GENCORD	UCB1161_120315_6_sorted.bam	EGAF00000187332	TRUE
UCB1163	UC1163	male	LCL	naive	0	50bp	FALSE	TRUE	poly(A)	TRUE	GENCORD	UCB1163_120229_4_sorted.bam	EGAF00000187333	TRUE
UCB1164	UC1164	female	LCL	naive	0	50bp	FALSE	TRUE	poly(A)	TRUE	GENCORD	UCB1164_120202_6_sorted.bam	EGAF00000187334	TRUE
UCB1167	UC1167	female	LCL	naive	0	50bp	FALSE	TRUE	poly(A)	TRUE	GENCORD	UCB1167_120229_2_sorted.bam	EGAF00000187335	TRUE
UCB1168	UC1168	female	LCL	naive	0	50bp	FALSE	TRUE	poly(A)	TRUE	GENCORD	UCB1168_120224_4_sorted.bam	EGAF00000187336	TRUE
UCB1169	UC1169	male	LCL	naive	0	50bp	FALSE	TRUE	poly(A)	TRUE	GENCORD	UCB1169_120224_3_sorted.bam	EGAF00000187337	TRUE
UCB116	UC116	male	LCL	naive	0	50bp	FALSE	TRUE	poly(A)	TRUE	GENCORD	UC116L_110221_1_sorted.bam	EGAF00000187158	TRUE
UCB1170	UC1170	male	LCL	naive	0	50bp	FALSE	TRUE	poly(A)	TRUE	GENCORD	UCB1170_120229_5_sorted.bam	EGAF00000187338	TRUE
UCB1171	UC1171	female	LCL	naive	0	50bp	FALSE	TRUE	poly(A)	TRUE	GENCORD	UCB1171_120224_7_sorted.bam	EGAF00000187339	TRUE
UCB1174	UC1174	male	LCL	naive	0	50bp	FALSE	TRUE	poly(A)	TRUE	GENCORD	UCB1174_120202_4_sorted.bam	EGAF00000187340	TRUE
UCB1175	UC1175	female	LCL	naive	0	50bp	FALSE	TRUE	poly(A)	TRUE	GENCORD	UCB1175_120229_2_sorted.bam	EGAF00000187341	TRUE
UCB1176	UC1176	male	LCL	naive	0	50bp	FALSE	TRUE	poly(A)	TRUE	GENCORD	UCB1176_120202_2_sorted.bam	EGAF00000187342	TRUE
UCB1178	UC1178	male	LCL	naive	0	50bp	FALSE	TRUE	poly(A)	TRUE	GENCORD	UCB1178_120229_7_sorted.bam	EGAF00000187343	TRUE
UCB1179	UC1179	female	LCL	naive	0	50bp	FALSE	TRUE	poly(A)	TRUE	GENCORD	UCB1179_120202_1_sorted.bam	EGAF00000187344	TRUE
UCB117	UC117	female	LCL	naive	0	50bp	FALSE	TRUE	poly(A)	TRUE	GENCORD	UC117L_110204_8_sorted.bam	EGAF00000187160	TRUE
UCB1180	UC1180	female	LCL	naive	0	50bp	FALSE	TRUE	poly(A)	TRUE	GENCORD	UCB1180_120224_2_sorted.bam	EGAF00000187345	TRUE
UCB1181	UC1181	male	LCL	naive	0	50bp	FALSE	TRUE	poly(A)	TRUE	GENCORD	UCB1181_120224_5_sorted.bam	EGAF00000187346	TRUE
UCB1182	UC1182	male	LCL	naive	0	50bp	FALSE	TRUE	poly(A)	TRUE	GENCORD	UCB1182_120224_4_sorted.bam	EGAF00000187347	TRUE
UCB1183	UC1183	female	LCL	naive	0	50bp	FALSE	TRUE	poly(A)	TRUE	GENCORD	UCB1183_120229_3_sorted.bam	EGAF00000187348	TRUE
UCB1184	UC1184	female	LCL	naive	0	50bp	FALSE	TRUE	poly(A)	TRUE	GENCORD	UCB1184_120202_4_sorted.bam	EGAF00000187349	TRUE
UCB1185	UC1185	male	LCL	naive	0	50bp	FALSE	TRUE	poly(A)	TRUE	GENCORD	UCB1185_120224_2_sorted.bam	EGAF00000187350	TRUE
UCB1186	UC1186	male	LCL	naive	0	50bp	FALSE	TRUE	poly(A)	TRUE	GENCORD	UCB1186_120229_1_sorted.bam	EGAF00000187351	TRUE
UCB1187	UC1187	male	LCL	naive	0	50bp	FALSE	TRUE	poly(A)	TRUE	GENCORD	UCB1187_120224_5_sorted.bam	EGAF00000187352	TRUE
UCB1188	UC1188	male	LCL	naive	0	50bp	FALSE	TRUE	poly(A)	TRUE	GENCORD	UCB1188_120202_4_sorted.bam	EGAF00000187353	TRUE
UCB1189	UC1189	male	LCL	naive	0	50bp	FALSE	TRUE	poly(A)	TRUE	GENCORD	UCB1189_120224_6_sorted.bam	EGAF00000187354	TRUE
UCB1190	UC1190	male	LCL	naive	0	50bp	FALSE	TRUE	poly(A)	TRUE	GENCORD	UCB1190_120224_2_sorted.bam	EGAF00000187355	TRUE
UCB1191	UC1191	female	LCL	naive	0	50bp	FALSE	TRUE	poly(A)	TRUE	GENCORD	UCB1191_120202_3_sorted.bam	EGAF00000187356	TRUE
UCB1192	UC1192	male	LCL	naive	0	50bp	FALSE	TRUE	poly(A)	TRUE	GENCORD	UCB1192_120224_6_sorted.bam	EGAF00000187357	TRUE
UCB1193	UC1193	female	LCL	naive	0	50bp	FALSE	TRUE	poly(A)	TRUE	GENCORD	UCB1193_120229_5_sorted.bam	EGAF00000187358	FALSE
UCB1194	UC1194	female	LCL	naive	0	50bp	FALSE	TRUE	poly(A)	TRUE	GENCORD	UCB1194_120229_7_sorted.bam	EGAF00000187359	TRUE
UCB1195	UC1195	female	LCL	naive	0	50bp	FALSE	TRUE	poly(A)	TRUE	GENCORD	UCB1195_120202_6_sorted.bam	EGAF00000187360	TRUE
UCB1196	UC1196	female	LCL	naive	0	50bp	FALSE	TRUE	poly(A)	TRUE	GENCORD	UCB1196_120229_6_sorted.bam	EGAF00000187361	TRUE
UCB1198	UC1198	female	LCL	naive	0	50bp	FALSE	TRUE	poly(A)	TRUE	GENCORD	UCB1198_120229_3_sorted.bam	EGAF00000187362	TRUE
UCB1199	UC1199	female	LCL	naive	0	50bp	FALSE	TRUE	poly(A)	TRUE	GENCORD	UCB1199_120224_4_sorted.bam	EGAF00000187363	TRUE
UCB1200	UC1200	male	LCL	naive	0	50bp	FALSE	TRUE	poly(A)	TRUE	GENCORD	UCB1200_120224_5_sorted.bam	EGAF00000187364	TRUE
UCB1201	UC1201	male	LCL	naive	0	50bp	FALSE	TRUE	poly(A)	TRUE	GENCORD	UCB1201_120224_8_sorted.bam	EGAF00000187365	TRUE
UCB1203	UC1203	male	LCL	naive	0	50bp	FALSE	TRUE	poly(A)	TRUE	GENCORD	UCB1203_120224_3_sorted.bam	EGAF00000187366	TRUE
UCB1205	UC1205	male	LCL	naive	0	50bp	FALSE	TRUE	poly(A)	TRUE	GENCORD	UCB1205_120229_1_sorted.bam	EGAF00000187367	TRUE
UCB1206	UC1206	male	LCL	naive	0	50bp	FALSE	TRUE	poly(A)	TRUE	GENCORD	UCB1206_120224_8_sorted.bam	EGAF00000187368	TRUE
UCB1207	UC1207	female	LCL	naive	0	50bp	FALSE	TRUE	poly(A)	TRUE	GENCORD	UCB1207_120224_7_sorted.bam	EGAF00000187369	TRUE
UCB1208	UC1208	male	LCL	naive	0	50bp	FALSE	TRUE	poly(A)	TRUE	GENCORD	UCB1208_120229_4_sorted.bam	EGAF00000187370	TRUE
UCB1210	UC1210	male	LCL	naive	0	50bp	FALSE	TRUE	poly(A)	TRUE	GENCORD	UCB1210_120229_6_sorted.bam	EGAF00000187371	TRUE
UCB1211	UC1211	female	LCL	naive	0	50bp	FALSE	TRUE	poly(A)	TRUE	GENCORD	UCB1211_120224_3_sorted.bam	EGAF00000187372	TRUE
UCB1212	UC1212	male	LCL	naive	0	50bp	FALSE	TRUE	poly(A)	TRUE	GENCORD	UCB1212_120229_5_sorted.bam	EGAF00000187373	TRUE
UCB1215	UC1215	female	LCL	naive	0	50bp	FALSE	TRUE	poly(A)	TRUE	GENCORD	UCB1215_120224_4_sorted.bam	EGAF00000187374	TRUE
UCB1216	UC1216	female	LCL	naive	0	50bp	FALSE	TRUE	poly(A)	TRUE	GENCORD	UCB1216_120224_6_sorted.bam	EGAF00000187375	TRUE
UCB1217	UC1217	female	LCL	naive	0	50bp	FALSE	TRUE	poly(A)	TRUE	GENCORD	UCB1217_120224_4_sorted.bam	EGAF00000187376	TRUE
UCB1218	UC1218	male	LCL	naive	0	50bp	FALSE	TRUE	poly(A)	TRUE	GENCORD	UCB1218_120202_1_sorted.bam	EGAF00000187377	TRUE
UCB122	UC122	male	LCL	naive	0	50bp	FALSE	TRUE	poly(A)	TRUE	GENCORD	UC122L_110221_2_sorted.bam	EGAF00000187163	TRUE
UCB124	UC124	female	LCL	naive	0	50bp	FALSE	TRUE	poly(A)	TRUE	GENCORD	UC124L_110221_6_sorted.bam	EGAF00000187166	TRUE
UCB125	UC125	female	LCL	naive	0	50bp	FALSE	TRUE	poly(A)	TRUE	GENCORD	UC125L_110221_3_sorted.bam	EGAF00000187168	TRUE
UCB130	UC130	female	LCL	naive	0	50bp	FALSE	TRUE	poly(A)	TRUE	GENCORD	UC130L_100930_7_sorted.bam	EGAF00000187171	TRUE
UCB137	UC137	female	LCL	naive	0	50bp	FALSE	TRUE	poly(A)	TRUE	GENCORD	UC137L_110204_8_sorted.bam	EGAF00000187174	TRUE
UCB139	UC139	male	LCL	naive	0	50bp	FALSE	TRUE	poly(A)	TRUE	GENCORD	UC139L_101014_1_sorted.bam	EGAF00000187177	TRUE
UCB141	UC141	male	LCL	naive	0	50bp	FALSE	TRUE	poly(A)	TRUE	GENCORD	UC141L_110413_1_sorted.bam	EGAF00000187179	TRUE
UCB144	UC144	male	LCL	naive	0	50bp	FALSE	TRUE	poly(A)	TRUE	GENCORD	UC144L_110204_1_sorted.bam	EGAF00000187182	TRUE
UCB152	UC152	female	LCL	naive	0	50bp	FALSE	TRUE	poly(A)	TRUE	GENCORD	UC152L_101014_2_sorted.bam	EGAF00000187185	TRUE
UCB164	UC164	female	LCL	naive	0	50bp	FALSE	TRUE	poly(A)	TRUE	GENCORD	UC164L_101014_5_sorted.bam	EGAF00000187188	TRUE
UCB167	UC167	female	LCL	naive	0	50bp	FALSE	TRUE	poly(A)	TRUE	GENCORD	UC167L_110204_2_sorted.bam	EGAF00000187191	TRUE
UCB169	UC169	female	LCL	naive	0	50bp	FALSE	TRUE	poly(A)	TRUE	GENCORD	UC169L_101014_6_sorted.bam	EGAF00000187194	TRUE
UCB177	UC177	female	LCL	naive	0	50bp	FALSE	TRUE	poly(A)	TRUE	GENCORD	UC177L_101014_7_sorted.bam	EGAF00000187197	TRUE
UCB181	UC181	female	LCL	naive	0	50bp	FALSE	TRUE	poly(A)	TRUE	GENCORD	UC181L_101014_8_sorted.bam	EGAF00000187200	TRUE
UCB183	UC183	male	LCL	naive	0	50bp	FALSE	TRUE	poly(A)	TRUE	GENCORD	UC183L_110413_5_sorted.bam	EGAF00000187203	TRUE
UCB188	UC188	female	LCL	naive	0	50bp	FALSE	TRUE	poly(A)	TRUE	GENCORD	UC188L_110204_4_sorted.bam	EGAF00000187206	TRUE
UCB223	UC223	male	LCL	naive	0	50bp	FALSE	TRUE	poly(A)	TRUE	GENCORD	UC223L_101108_1_sorted.bam	EGAF00000187209	TRUE
UCB225	UC225	male	LCL	naive	0	50bp	FALSE	TRUE	poly(A)	TRUE	GENCORD	UC225L_101108_2_sorted.bam	EGAF00000187211	TRUE
UCB226	UC226	female	LCL	naive	0	50bp	FALSE	TRUE	poly(A)	TRUE	GENCORD	UC226L_110218_2_sorted.bam	EGAF00000187213	TRUE
UCB227	UC227	male	LCL	naive	0	50bp	FALSE	TRUE	poly(A)	TRUE	GENCORD	UC227L_110204_5_sorted.bam	EGAF00000187216	TRUE
UCB251	UC251	male	LCL	naive	0	50bp	FALSE	TRUE	poly(A)	TRUE	GENCORD	UC251L_101108_5_sorted.bam	EGAF00000187219	TRUE
UCB253	UC253	female	LCL	naive	0	50bp	FALSE	TRUE	poly(A)	TRUE	GENCORD	UC253L_101108_6_sorted.bam	EGAF00000187222	TRUE
UCB255	UC255	male	LCL	naive	0	50bp	FALSE	TRUE	poly(A)	TRUE	GENCORD	UC255L_110204_6_sorted.bam	EGAF00000187225	TRUE
UCB277	UC277	male	LCL	naive	0	50bp	FALSE	TRUE	poly(A)	TRUE	GENCORD	UC277L_110204_6_sorted.bam	EGAF00000187228	TRUE
UCB282	UC282	female	LCL	naive	0	50bp	FALSE	TRUE	poly(A)	TRUE	GENCORD	UC282L_110204_7_sorted.bam	EGAF00000187231	TRUE
UCB285	UC285	male	LCL	naive	0	50bp	FALSE	TRUE	poly(A)	TRUE	GENCORD	UC285L_110304_7_sorted.bam	EGAF00000187234	TRUE
UCB304	UC304	female	LCL	naive	0	50bp	FALSE	TRUE	poly(A)	TRUE	GENCORD	UC304L_110204_1_sorted.bam	EGAF00000187237	TRUE
UCF018	UC018	female	fibroblast	naive	0	50bp	FALSE	TRUE	poly(A)	TRUE	GENCORD	UC018F_110204_2_sorted.bam	EGAF00000187088	TRUE
UCF025	UC025	female	fibroblast	naive	0	50bp	FALSE	TRUE	poly(A)	TRUE	GENCORD	UC025F_110413_2_sorted.bam	EGAF00000187095	TRUE
UCF034	UC034	female	fibroblast	naive	0	50bp	FALSE	TRUE	poly(A)	TRUE	GENCORD	UC034F_110204_1_sorted.bam	EGAF00000187098	TRUE
UCF042	UC042	female	fibroblast	naive	0	50bp	FALSE	TRUE	poly(A)	TRUE	GENCORD	UC042F_100930_2_sorted.bam	EGAF00000187100	TRUE
UCF048	UC048	female	fibroblast	naive	0	50bp	FALSE	TRUE	poly(A)	TRUE	GENCORD	UC048F_110413_6_sorted.bam	EGAF00000187103	TRUE
UCF049	UC049	male	fibroblast	naive	0	50bp	FALSE	TRUE	poly(A)	TRUE	GENCORD	UC049F_110204_2_sorted.bam	EGAF00000187106	TRUE
UCF050	UC050	male	fibroblast	naive	0	50bp	FALSE	TRUE	poly(A)	TRUE	GENCORD	UC050F_110413_2_sorted.bam	EGAF00000187109	TRUE
UCF051	UC051	male	fibroblast	naive	0	50bp	FALSE	TRUE	poly(A)	TRUE	GENCORD	UC051F_110204_4_sorted.bam	EGAF00000187112	TRUE
UCF060	UC060	female	fibroblast	naive	0	50bp	FALSE	TRUE	poly(A)	TRUE	GENCORD	UC060F_110204_5_sorted.bam	EGAF00000187115	TRUE
UCF062	UC062	male	fibroblast	naive	0	50bp	FALSE	TRUE	poly(A)	TRUE	GENCORD	UC062F_100930_3_sorted.bam	EGAF00000187118	TRUE
UCF078	UC078	male	fibroblast	naive	0	50bp	FALSE	TRUE	poly(A)	TRUE	GENCORD	UC078F_110204_6_sorted.bam	EGAF00000187120	TRUE
UCF079	UC079	female	fibroblast	naive	0	50bp	FALSE	TRUE	poly(A)	TRUE	GENCORD	UC079F_110304_7_sorted.bam	EGAF00000187123	TRUE
UCF086	UC086	female	fibroblast	naive	0	50bp	FALSE	TRUE	poly(A)	TRUE	GENCORD	UC086F_110204_7_sorted.bam	EGAF00000187125	TRUE
UCF088	UC088	female	fibroblast	naive	0	50bp	FALSE	TRUE	poly(A)	TRUE	GENCORD	UC088F_110204_1_sorted.bam	EGAF00000187129	TRUE
UCF093	UC093	male	fibroblast	naive	0	50bp	FALSE	TRUE	poly(A)	TRUE	GENCORD	UC093F_101108_8_sorted.bam	EGAF00000187132	TRUE
UCF1001	UC1001	female	fibroblast	naive	0	50bp	FALSE	TRUE	poly(A)	TRUE	GENCORD	UCF1001_120229_2_sorted.bam	EGAF00000187378	TRUE
UCF1007	UC1007	female	fibroblast	naive	0	50bp	FALSE	TRUE	poly(A)	TRUE	GENCORD	UCF1007_120224_5_sorted.bam	EGAF00000187379	TRUE
UCF100	UC100	female	fibroblast	naive	0	50bp	FALSE	TRUE	poly(A)	TRUE	GENCORD	UC100F_110413_6_sorted.bam	EGAF00000187135	TRUE
UCF1010	UC1010	female	fibroblast	naive	0	50bp	FALSE	TRUE	poly(A)	TRUE	GENCORD	UCF1010_120229_8_sorted.bam	EGAF00000187380	TRUE
UCF1011	UC1011	male	fibroblast	naive	0	50bp	FALSE	TRUE	poly(A)	TRUE	GENCORD	UCF1011_120229_1_sorted.bam	EGAF00000187381	TRUE
UCF1012	UC1012	male	fibroblast	naive	0	50bp	FALSE	TRUE	poly(A)	TRUE	GENCORD	UCF1012_120224_2_sorted.bam	EGAF00000187382	TRUE
UCF1013	UC1013	male	fibroblast	naive	0	50bp	FALSE	TRUE	poly(A)	TRUE	GENCORD	UCF1013_120224_8_sorted.bam	EGAF00000187383	TRUE
UCF1014	UC1014	female	fibroblast	naive	0	50bp	FALSE	TRUE	poly(A)	TRUE	GENCORD	UCF1014_120229_4_sorted.bam	EGAF00000187384	TRUE
UCF1016	UC1016	female	fibroblast	naive	0	50bp	FALSE	TRUE	poly(A)	TRUE	GENCORD	UCF1016_120202_1_sorted.bam	EGAF00000187385	TRUE
UCF1021	UC1021	female	fibroblast	naive	0	50bp	FALSE	TRUE	poly(A)	TRUE	GENCORD	UCF1021_120229_3_sorted.bam	EGAF00000187386	TRUE
UCF1023	UC1023	female	fibroblast	naive	0	50bp	FALSE	TRUE	poly(A)	TRUE	GENCORD	UCF1023_120229_2_sorted.bam	EGAF00000187387	TRUE
UCF1024	UC1024	male	fibroblast	naive	0	50bp	FALSE	TRUE	poly(A)	TRUE	GENCORD	UCF1024_120229_7_sorted.bam	EGAF00000187388	TRUE
UCF1025	UC1025	male	fibroblast	naive	0	50bp	FALSE	TRUE	poly(A)	TRUE	GENCORD	UCF1025_120224_6_sorted.bam	EGAF00000187389	TRUE
UCF1027	UC1027	female	fibroblast	naive	0	50bp	FALSE	TRUE	poly(A)	TRUE	GENCORD	UCF1027_120229_6_sorted.bam	EGAF00000187390	TRUE
UCF1028	UC1028	male	fibroblast	naive	0	50bp	FALSE	TRUE	poly(A)	TRUE	GENCORD	UCF1028_120229_7_sorted.bam	EGAF00000187391	TRUE
UCF1029	UC1029	male	fibroblast	naive	0	50bp	FALSE	TRUE	poly(A)	TRUE	GENCORD	UCF1029_120224_7_sorted.bam	EGAF00000187392	TRUE
UCF1030	UC1030	male	fibroblast	naive	0	50bp	FALSE	TRUE	poly(A)	TRUE	GENCORD	UCF1030_120202_2_sorted.bam	EGAF00000187393	TRUE
UCF103	UC103	male	fibroblast	naive	0	50bp	FALSE	TRUE	poly(A)	TRUE	GENCORD	UC103F_100930_5_sorted.bam	EGAF00000187138	TRUE
UCF1040	UC1040	female	fibroblast	naive	0	50bp	FALSE	TRUE	poly(A)	TRUE	GENCORD	UCF1040_120224_6_sorted.bam	EGAF00000187394	TRUE
UCF1045	UC1045	female	fibroblast	naive	0	50bp	FALSE	TRUE	poly(A)	TRUE	GENCORD	UCF1045_120202_6_sorted.bam	EGAF00000187395	TRUE
UCF1046	UC1046	male	fibroblast	naive	0	50bp	FALSE	TRUE	poly(A)	TRUE	GENCORD	UCF1046_120229_4_sorted.bam	EGAF00000187396	TRUE
UCF1047	UC1047	female	fibroblast	naive	0	50bp	FALSE	TRUE	poly(A)	TRUE	GENCORD	UCF1047_120229_3_sorted.bam	EGAF00000187397	TRUE
UCF1048	UC1048	male	fibroblast	naive	0	50bp	FALSE	TRUE	poly(A)	TRUE	GENCORD	UCF1048_120202_3_sorted.bam	EGAF00000187398	TRUE
UCF1052	UC1052	female	fibroblast	naive	0	50bp	FALSE	TRUE	poly(A)	TRUE	GENCORD	UCF1052_120229_5_sorted.bam	EGAF00000187399	TRUE
UCF1053	UC1053	female	fibroblast	naive	0	50bp	FALSE	TRUE	poly(A)	TRUE	GENCORD	UCF1053_120229_8_sorted.bam	EGAF00000187400	TRUE
UCF1055	UC1055	male	fibroblast	naive	0	50bp	FALSE	TRUE	poly(A)	TRUE	GENCORD	UCF1055_120202_3_sorted.bam	EGAF00000187401	TRUE
UCF1056	UC1056	female	fibroblast	naive	0	50bp	FALSE	TRUE	poly(A)	TRUE	GENCORD	UCF1056_120229_7_sorted.bam	EGAF00000187402	TRUE
UCF1057	UC1057	female	fibroblast	naive	0	50bp	FALSE	TRUE	poly(A)	TRUE	GENCORD	UCF1057_120224_5_sorted.bam	EGAF00000187403	TRUE
UCF1059	UC1059	female	fibroblast	naive	0	50bp	FALSE	TRUE	poly(A)	TRUE	GENCORD	UCF1059_120202_6_sorted.bam	EGAF00000187405	TRUE
UCF105	UC105	male	fibroblast	naive	0	50bp	FALSE	TRUE	poly(A)	TRUE	GENCORD	UC105F_110204_2_sorted.bam	EGAF00000187141	TRUE
UCF1061	UC1061	male	fibroblast	naive	0	50bp	FALSE	TRUE	poly(A)	TRUE	GENCORD	UCF1061_120229_1_sorted.bam	EGAF00000187406	TRUE
UCF1062	UC1062	male	fibroblast	naive	0	50bp	FALSE	TRUE	poly(A)	TRUE	GENCORD	UCF1062_120202_4_sorted.bam	EGAF00000187407	TRUE
UCF1064	UC1064	male	fibroblast	naive	0	50bp	FALSE	TRUE	poly(A)	TRUE	GENCORD	UCF1064_120224_2_sorted.bam	EGAF00000187408	TRUE
UCF1067	UC1067	male	fibroblast	naive	0	50bp	FALSE	TRUE	poly(A)	TRUE	GENCORD	UCF1067_120229_2_sorted.bam	EGAF00000187409	TRUE
UCF1068	UC1068	male	fibroblast	naive	0	50bp	FALSE	TRUE	poly(A)	TRUE	GENCORD	UCF1068_120224_1_sorted.bam	EGAF00000187410	TRUE
UCF1069	UC1069	female	fibroblast	naive	0	50bp	FALSE	TRUE	poly(A)	TRUE	GENCORD	UCF1069_120224_1_sorted.bam	EGAF00000187411	TRUE
UCF1070	UC1070	female	fibroblast	naive	0	50bp	FALSE	TRUE	poly(A)	TRUE	GENCORD	UCF1070_120229_5_sorted.bam	EGAF00000187412	TRUE
UCF1071	UC1071	female	fibroblast	naive	0	50bp	FALSE	TRUE	poly(A)	TRUE	GENCORD	UCF1071_120224_2_sorted.bam	EGAF00000187413	TRUE
UCF1072	UC1072	male	fibroblast	naive	0	50bp	FALSE	TRUE	poly(A)	TRUE	GENCORD	UCF1072_120224_6_sorted.bam	EGAF00000187414	TRUE
UCF1073	UC1073	male	fibroblast	naive	0	50bp	FALSE	TRUE	poly(A)	TRUE	GENCORD	UCF1073_120229_7_sorted.bam	EGAF00000187415	TRUE
UCF1074	UC1074	female	fibroblast	naive	0	50bp	FALSE	TRUE	poly(A)	TRUE	GENCORD	UCF1074_120229_3_sorted.bam	EGAF00000187416	TRUE
UCF1075	UC1075	male	fibroblast	naive	0	50bp	FALSE	TRUE	poly(A)	TRUE	GENCORD	UCF1075_120229_5_sorted.bam	EGAF00000187417	TRUE
UCF1076	UC1076	female	fibroblast	naive	0	50bp	FALSE	TRUE	poly(A)	TRUE	GENCORD	UCF1076_120202_2_sorted.bam	EGAF00000187418	TRUE
UCF1077	UC1077	male	fibroblast	naive	0	50bp	FALSE	TRUE	poly(A)	TRUE	GENCORD	UCF1077_120224_8_sorted.bam	EGAF00000187419	TRUE
UCF1078	UC1078	male	fibroblast	naive	0	50bp	FALSE	TRUE	poly(A)	TRUE	GENCORD	UCF1078_120224_3_sorted.bam	EGAF00000187420	TRUE
UCF1079	UC1079	male	fibroblast	naive	0	50bp	FALSE	TRUE	poly(A)	TRUE	GENCORD	UCF1079_120229_6_sorted.bam	EGAF00000187421	TRUE
UCF1080	UC1080	male	fibroblast	naive	0	50bp	FALSE	TRUE	poly(A)	TRUE	GENCORD	UCF1080_120229_6_sorted.bam	EGAF00000187422	TRUE
UCF1083	UC1083	female	fibroblast	naive	0	50bp	FALSE	TRUE	poly(A)	TRUE	GENCORD	UCF1083_120229_1_sorted.bam	EGAF00000187423	TRUE
UCF1085	UC1085	male	fibroblast	naive	0	50bp	FALSE	TRUE	poly(A)	TRUE	GENCORD	UCF1085_120229_8_sorted.bam	EGAF00000187424	TRUE
UCF1086	UC1086	male	fibroblast	naive	0	50bp	FALSE	TRUE	poly(A)	TRUE	GENCORD	UCF1086_120229_3_sorted.bam	EGAF00000187425	TRUE
UCF1087	UC1087	male	fibroblast	naive	0	50bp	FALSE	TRUE	poly(A)	TRUE	GENCORD	UCF1087_120202_4_sorted.bam	EGAF00000187426	TRUE
UCF1088	UC1088	female	fibroblast	naive	0	50bp	FALSE	TRUE	poly(A)	TRUE	GENCORD	UCF1088_120229_2_sorted.bam	EGAF00000187427	TRUE
UCF1089	UC1089	male	fibroblast	naive	0	50bp	FALSE	TRUE	poly(A)	TRUE	GENCORD	UCF1089_120315_7_sorted.bam	EGAF00000187428	TRUE
UCF108	UC108	female	fibroblast	naive	0	50bp	FALSE	TRUE	poly(A)	TRUE	GENCORD	UC108F_110204_3_sorted.bam	EGAF00000187144	TRUE
UCF1090	UC1090	male	fibroblast	naive	0	50bp	FALSE	TRUE	poly(A)	TRUE	GENCORD	UCF1090_120224_2_sorted.bam	EGAF00000187429	TRUE
UCF1091	UC1091	female	fibroblast	naive	0	50bp	FALSE	TRUE	poly(A)	TRUE	GENCORD	UCF1091_120229_2_sorted.bam	EGAF00000187430	TRUE
UCF1092	UC1092	female	fibroblast	naive	0	50bp	FALSE	TRUE	poly(A)	TRUE	GENCORD	UCF1092_120229_6_sorted.bam	EGAF00000187431	TRUE
UCF1094	UC1094	female	fibroblast	naive	0	50bp	FALSE	TRUE	poly(A)	TRUE	GENCORD	UCF1094_120229_8_sorted.bam	EGAF00000187432	TRUE
UCF1096	UC1096	male	fibroblast	naive	0	50bp	FALSE	TRUE	poly(A)	TRUE	GENCORD	UCF1096_120229_5_sorted.bam	EGAF00000187433	TRUE
UCF1097	UC1097	male	fibroblast	naive	0	50bp	FALSE	TRUE	poly(A)	TRUE	GENCORD	UCF1097_120224_7_sorted.bam	EGAF00000187434	TRUE
UCF1098	UC1098	male	fibroblast	naive	0	50bp	FALSE	TRUE	poly(A)	TRUE	GENCORD	UCF1098_120224_7_sorted.bam	EGAF00000187435	TRUE
UCF1099	UC1099	female	fibroblast	naive	0	50bp	FALSE	TRUE	poly(A)	TRUE	GENCORD	UCF1099_120224_1_sorted.bam	EGAF00000187436	TRUE
UCF1100	UC1100	male	fibroblast	naive	0	50bp	FALSE	TRUE	poly(A)	TRUE	GENCORD	UCF1100_120224_4_sorted.bam	EGAF00000187437	TRUE
UCF1101	UC1101	male	fibroblast	naive	0	50bp	FALSE	TRUE	poly(A)	TRUE	GENCORD	UCF1101_120202_2_sorted.bam	EGAF00000187438	TRUE
UCF1102	UC1102	female	fibroblast	naive	0	50bp	FALSE	TRUE	poly(A)	TRUE	GENCORD	UCF1102_120202_6_sorted.bam	EGAF00000187439	TRUE
UCF1103	UC1103	male	fibroblast	naive	0	50bp	FALSE	TRUE	poly(A)	TRUE	GENCORD	UCF1103_120229_2_sorted.bam	EGAF00000187440	TRUE
UCF1104	UC1104	male	fibroblast	naive	0	50bp	FALSE	TRUE	poly(A)	TRUE	GENCORD	UCF1104_120229_5_sorted.bam	EGAF00000187441	TRUE
UCF1105	UC1105	male	fibroblast	naive	0	50bp	FALSE	TRUE	poly(A)	TRUE	GENCORD	UCF1105_120224_7_sorted.bam	EGAF00000187442	TRUE
UCF1106	UC1106	female	fibroblast	naive	0	50bp	FALSE	TRUE	poly(A)	TRUE	GENCORD	UCF1106_120224_5_sorted.bam	EGAF00000187443	TRUE
UCF1107	UC1107	male	fibroblast	naive	0	50bp	FALSE	TRUE	poly(A)	TRUE	GENCORD	UCF1107_120224_7_sorted.bam	EGAF00000187444	TRUE
UCF1108	UC1108	male	fibroblast	naive	0	50bp	FALSE	TRUE	poly(A)	TRUE	GENCORD	UCF1108_120229_1_sorted.bam	EGAF00000187445	TRUE
UCF1109	UC1109	male	fibroblast	naive	0	50bp	FALSE	TRUE	poly(A)	TRUE	GENCORD	UCF1109_120202_5_sorted.bam	EGAF00000187446	TRUE
UCF110	UC110	male	fibroblast	naive	0	50bp	FALSE	TRUE	poly(A)	TRUE	GENCORD	UC110F_100930_6_sorted.bam	EGAF00000187146	TRUE
UCF1112	UC1112	male	fibroblast	naive	0	50bp	FALSE	TRUE	poly(A)	TRUE	GENCORD	UCF1112_120224_3_sorted.bam	EGAF00000187447	TRUE
UCF1113	UC1113	male	fibroblast	naive	0	50bp	FALSE	TRUE	poly(A)	TRUE	GENCORD	UCF1113_120224_1_sorted.bam	EGAF00000187448	TRUE
UCF1115	UC1115	male	fibroblast	naive	0	50bp	FALSE	TRUE	poly(A)	TRUE	GENCORD	UCF1115_120202_2_sorted.bam	EGAF00000187449	TRUE
UCF1116	UC1116	male	fibroblast	naive	0	50bp	FALSE	TRUE	poly(A)	TRUE	GENCORD	UCF1116_120229_1_sorted.bam	EGAF00000187450	TRUE
UCF1117	UC1117	female	fibroblast	naive	0	50bp	FALSE	TRUE	poly(A)	TRUE	GENCORD	UCF1117_120224_5_sorted.bam	EGAF00000187451	TRUE
UCF1119	UC1119	female	fibroblast	naive	0	50bp	FALSE	TRUE	poly(A)	TRUE	GENCORD	UCF1119_120229_3_sorted.bam	EGAF00000187452	TRUE
UCF1120	UC1120	male	fibroblast	naive	0	50bp	FALSE	TRUE	poly(A)	TRUE	GENCORD	UCF1120_120202_6_sorted.bam	EGAF00000187453	TRUE
UCF1123	UC1123	male	fibroblast	naive	0	50bp	FALSE	TRUE	poly(A)	TRUE	GENCORD	UCF1123_120224_8_sorted.bam	EGAF00000187454	TRUE
UCF1124	UC1124	male	fibroblast	naive	0	50bp	FALSE	TRUE	poly(A)	TRUE	GENCORD	UCF1124_120229_3_sorted.bam	EGAF00000187455	TRUE
UCF1125	UC1125	male	fibroblast	naive	0	50bp	FALSE	TRUE	poly(A)	TRUE	GENCORD	UCF1125_120202_3_sorted.bam	EGAF00000187456	TRUE
UCF1126	UC1126	female	fibroblast	naive	0	50bp	FALSE	TRUE	poly(A)	TRUE	GENCORD	UCF1126_120202_8_sorted.bam	EGAF00000187457	TRUE
UCF1128	UC1128	female	fibroblast	naive	0	50bp	FALSE	TRUE	poly(A)	TRUE	GENCORD	UCF1128_120202_8_sorted.bam	EGAF00000187458	TRUE
UCF1129	UC1129	male	fibroblast	naive	0	50bp	FALSE	TRUE	poly(A)	TRUE	GENCORD	UCF1129_120229_8_sorted.bam	EGAF00000187459	TRUE
UCF1130	UC1130	male	fibroblast	naive	0	50bp	FALSE	TRUE	poly(A)	TRUE	GENCORD	UCF1130_120224_6_sorted.bam	EGAF00000187460	TRUE
UCF1131	UC1131	female	fibroblast	naive	0	50bp	FALSE	TRUE	poly(A)	TRUE	GENCORD	UCF1131_120202_2_sorted.bam	EGAF00000187461	TRUE
UCF1135	UC1135	female	fibroblast	naive	0	50bp	FALSE	TRUE	poly(A)	TRUE	GENCORD	UCF1135_120202_8_sorted.bam	EGAF00000187462	TRUE
UCF1136	UC1136	female	fibroblast	naive	0	50bp	FALSE	TRUE	poly(A)	TRUE	GENCORD	UCF1136_120229_4_sorted.bam	EGAF00000187463	TRUE
UCF1137	UC1137	male	fibroblast	naive	0	50bp	FALSE	TRUE	poly(A)	TRUE	GENCORD	UCF1137_120202_8_sorted.bam	EGAF00000187464	TRUE
UCF1139	UC1139	female	fibroblast	naive	0	50bp	FALSE	TRUE	poly(A)	TRUE	GENCORD	UCF1139_120224_1_sorted.bam	EGAF00000187465	TRUE
UCF113	UC113	female	fibroblast	naive	0	50bp	FALSE	TRUE	poly(A)	TRUE	GENCORD	UC113F_110204_5_sorted.bam	EGAF00000187149	TRUE
UCF1143	UC1143	male	fibroblast	naive	0	50bp	FALSE	TRUE	poly(A)	TRUE	GENCORD	UCF1143_120229_1_sorted.bam	EGAF00000187466	TRUE
UCF1146	UC1146	female	fibroblast	naive	0	50bp	FALSE	TRUE	poly(A)	TRUE	GENCORD	UCF1146_120202_6_sorted.bam	EGAF00000187467	TRUE
UCF1148	UC1148	female	fibroblast	naive	0	50bp	FALSE	TRUE	poly(A)	TRUE	GENCORD	UCF1148_120224_6_sorted.bam	EGAF00000187468	TRUE
UCF114	UC114	male	fibroblast	naive	0	50bp	FALSE	TRUE	poly(A)	TRUE	GENCORD	UC114F_110204_6_sorted.bam	EGAF00000187152	TRUE
UCF1156	UC1156	male	fibroblast	naive	0	50bp	FALSE	TRUE	poly(A)	TRUE	GENCORD	UCF1156_120224_6_sorted.bam	EGAF00000187469	TRUE
UCF1159	UC1159	male	fibroblast	naive	0	50bp	FALSE	TRUE	poly(A)	TRUE	GENCORD	UCF1159_120224_6_sorted.bam	EGAF00000187470	TRUE
UCF115	UC115	male	fibroblast	naive	0	50bp	FALSE	TRUE	poly(A)	TRUE	GENCORD	UC115F_110218_2_sorted.bam	EGAF00000187155	TRUE
UCF1160	UC1160	female	fibroblast	naive	0	50bp	FALSE	TRUE	poly(A)	TRUE	GENCORD	UCF1160_120202_3_sorted.bam	EGAF00000187471	TRUE
UCF1161	UC1161	female	fibroblast	naive	0	50bp	FALSE	TRUE	poly(A)	TRUE	GENCORD	UCF1161_120229_2_sorted.bam	EGAF00000187472	TRUE
UCF1163	UC1163	male	fibroblast	naive	0	50bp	FALSE	TRUE	poly(A)	TRUE	GENCORD	UCF1163_120202_7_sorted.bam	EGAF00000187473	TRUE
UCF1164	UC1164	female	fibroblast	naive	0	50bp	FALSE	TRUE	poly(A)	TRUE	GENCORD	UCF1164_120229_5_sorted.bam	EGAF00000187474	TRUE
UCF1167	UC1167	female	fibroblast	naive	0	50bp	FALSE	TRUE	poly(A)	TRUE	GENCORD	UCF1167_120229_6_sorted.bam	EGAF00000187475	TRUE
UCF1168	UC1168	female	fibroblast	naive	0	50bp	FALSE	TRUE	poly(A)	TRUE	GENCORD	UCF1168_120202_4_sorted.bam	EGAF00000187476	TRUE
UCF1169	UC1169	male	fibroblast	naive	0	50bp	FALSE	TRUE	poly(A)	TRUE	GENCORD	UCF1169_120224_2_sorted.bam	EGAF00000187477	TRUE
UCF116	UC116	male	fibroblast	naive	0	50bp	FALSE	TRUE	poly(A)	TRUE	GENCORD	UC116F_110221_6_sorted.bam	EGAF00000187157	TRUE
UCF1170	UC1170	male	fibroblast	naive	0	50bp	FALSE	TRUE	poly(A)	TRUE	GENCORD	UCF1170_120229_7_sorted.bam	EGAF00000187478	TRUE
UCF1171	UC1171	female	fibroblast	naive	0	50bp	FALSE	TRUE	poly(A)	TRUE	GENCORD	UCF1171_120202_4_sorted.bam	EGAF00000187479	TRUE
UCF1174	UC1174	male	fibroblast	naive	0	50bp	FALSE	TRUE	poly(A)	TRUE	GENCORD	UCF1174_120229_4_sorted.bam	EGAF00000187480	TRUE
UCF1175	UC1175	female	fibroblast	naive	0	50bp	FALSE	TRUE	poly(A)	TRUE	GENCORD	UCF1175_120224_4_sorted.bam	EGAF00000187481	TRUE
UCF1176	UC1176	male	fibroblast	naive	0	50bp	FALSE	TRUE	poly(A)	TRUE	GENCORD	UCF1176_120202_3_sorted.bam	EGAF00000187482	TRUE
UCF1178	UC1178	male	fibroblast	naive	0	50bp	FALSE	TRUE	poly(A)	TRUE	GENCORD	UCF1178_120224_8_sorted.bam	EGAF00000187483	TRUE
UCF1179	UC1179	female	fibroblast	naive	0	50bp	FALSE	TRUE	poly(A)	TRUE	GENCORD	UCF1179_120229_6_sorted.bam	EGAF00000187484	TRUE
UCF117	UC117	female	fibroblast	naive	0	50bp	FALSE	TRUE	poly(A)	TRUE	GENCORD	UC117F_110204_8_sorted.bam	EGAF00000187159	TRUE
UCF1180	UC1180	female	fibroblast	naive	0	50bp	FALSE	TRUE	poly(A)	TRUE	GENCORD	UCF1180_120202_5_sorted.bam	EGAF00000187485	TRUE
UCF1181	UC1181	male	fibroblast	naive	0	50bp	FALSE	TRUE	poly(A)	TRUE	GENCORD	UCF1181_120229_6_sorted.bam	EGAF00000187486	TRUE
UCF1182	UC1182	male	fibroblast	naive	0	50bp	FALSE	TRUE	poly(A)	TRUE	GENCORD	UCF1182_120224_5_sorted.bam	EGAF00000187487	TRUE
UCF1183	UC1183	female	fibroblast	naive	0	50bp	FALSE	TRUE	poly(A)	TRUE	GENCORD	UCF1183_120229_4_sorted.bam	EGAF00000187488	TRUE
UCF1184	UC1184	female	fibroblast	naive	0	50bp	FALSE	TRUE	poly(A)	TRUE	GENCORD	UCF1184_120229_8_sorted.bam	EGAF00000187489	TRUE
UCF1185	UC1185	male	fibroblast	naive	0	50bp	FALSE	TRUE	poly(A)	TRUE	GENCORD	UCF1185_120202_5_sorted.bam	EGAF00000187490	TRUE
UCF1186	UC1186	male	fibroblast	naive	0	50bp	FALSE	TRUE	poly(A)	TRUE	GENCORD	UCF1186_120229_4_sorted.bam	EGAF00000187491	TRUE
UCF1187	UC1187	male	fibroblast	naive	0	50bp	FALSE	TRUE	poly(A)	TRUE	GENCORD	UCF1187_120224_1_sorted.bam	EGAF00000187492	TRUE
UCF1188	UC1188	male	fibroblast	naive	0	50bp	FALSE	TRUE	poly(A)	TRUE	GENCORD	UCF1188_120229_4_sorted.bam	EGAF00000187493	TRUE
UCF1189	UC1189	male	fibroblast	naive	0	50bp	FALSE	TRUE	poly(A)	TRUE	GENCORD	UCF1189_120229_8_sorted.bam	EGAF00000187494	TRUE
UCF1190	UC1190	male	fibroblast	naive	0	50bp	FALSE	TRUE	poly(A)	TRUE	GENCORD	UCF1190_120229_2_sorted.bam	EGAF00000187495	TRUE
UCF1191	UC1191	female	fibroblast	naive	0	50bp	FALSE	TRUE	poly(A)	TRUE	GENCORD	UCF1191_120229_4_sorted.bam	EGAF00000187496	TRUE
UCF1192	UC1192	male	fibroblast	naive	0	50bp	FALSE	TRUE	poly(A)	TRUE	GENCORD	UCF1192_120202_6_sorted.bam	EGAF00000187497	TRUE
UCF1193	UC1193	female	fibroblast	naive	0	50bp	FALSE	TRUE	poly(A)	TRUE	GENCORD	UCF1193_120229_3_sorted.bam	EGAF00000187498	TRUE
UCF1194	UC1194	female	fibroblast	naive	0	50bp	FALSE	TRUE	poly(A)	TRUE	GENCORD	UCF1194_120224_1_sorted.bam	EGAF00000187499	TRUE
UCF1195	UC1195	female	fibroblast	naive	0	50bp	FALSE	TRUE	poly(A)	TRUE	GENCORD	UCF1195_120224_1_sorted.bam	EGAF00000187500	TRUE
UCF1196	UC1196	female	fibroblast	naive	0	50bp	FALSE	TRUE	poly(A)	TRUE	GENCORD	UCF1196_120224_4_sorted.bam	EGAF00000187501	TRUE
UCF1198	UC1198	female	fibroblast	naive	0	50bp	FALSE	TRUE	poly(A)	TRUE	GENCORD	UCF1198_120224_4_sorted.bam	EGAF00000187502	TRUE
UCF1199	UC1199	female	fibroblast	naive	0	50bp	FALSE	TRUE	poly(A)	TRUE	GENCORD	UCF1199_120224_7_sorted.bam	EGAF00000187503	TRUE
UCF1200	UC1200	male	fibroblast	naive	0	50bp	FALSE	TRUE	poly(A)	TRUE	GENCORD	UCF1200_120202_4_sorted.bam	EGAF00000187504	TRUE
UCF1201	UC1201	male	fibroblast	naive	0	50bp	FALSE	TRUE	poly(A)	TRUE	GENCORD	UCF1201_120224_2_sorted.bam	EGAF00000187505	TRUE
UCF1203	UC1203	male	fibroblast	naive	0	50bp	FALSE	TRUE	poly(A)	TRUE	GENCORD	UCF1203_120224_8_sorted.bam	EGAF00000187506	TRUE
UCF1205	UC1205	male	fibroblast	naive	0	50bp	FALSE	TRUE	poly(A)	TRUE	GENCORD	UCF1205_120315_6_sorted.bam	EGAF00000187507	TRUE
UCF1206	UC1206	male	fibroblast	naive	0	50bp	FALSE	TRUE	poly(A)	TRUE	GENCORD	UCF1206_120229_5_sorted.bam	EGAF00000187508	TRUE
UCF1207	UC1207	female	fibroblast	naive	0	50bp	FALSE	TRUE	poly(A)	TRUE	GENCORD	UCF1207_120229_3_sorted.bam	EGAF00000187509	TRUE
UCF1208	UC1208	male	fibroblast	naive	0	50bp	FALSE	TRUE	poly(A)	TRUE	GENCORD	UCF1208_120224_2_sorted.bam	EGAF00000187510	TRUE
UCF1210	UC1210	male	fibroblast	naive	0	50bp	FALSE	TRUE	poly(A)	TRUE	GENCORD	UCF1210_120224_2_sorted.bam	EGAF00000187511	TRUE
UCF1211	UC1211	female	fibroblast	naive	0	50bp	FALSE	TRUE	poly(A)	TRUE	GENCORD	UCF1211_120202_1_sorted.bam	EGAF00000187512	TRUE
UCF1212	UC1212	male	fibroblast	naive	0	50bp	FALSE	TRUE	poly(A)	TRUE	GENCORD	UCF1212_120202_7_sorted.bam	EGAF00000187513	TRUE
UCF1215	UC1215	female	fibroblast	naive	0	50bp	FALSE	TRUE	poly(A)	TRUE	GENCORD	UCF1215_120224_3_sorted.bam	EGAF00000187514	TRUE
UCF1216	UC1216	female	fibroblast	naive	0	50bp	FALSE	TRUE	poly(A)	TRUE	GENCORD	UCF1216_120229_2_sorted.bam	EGAF00000187515	TRUE
UCF1217	UC1217	female	fibroblast	naive	0	50bp	FALSE	TRUE	poly(A)	TRUE	GENCORD	UCF1217_120224_8_sorted.bam	EGAF00000187516	TRUE
UCF1218	UC1218	male	fibroblast	naive	0	50bp	FALSE	TRUE	poly(A)	TRUE	GENCORD	UCF1218_120229_1_sorted.bam	EGAF00000187517	TRUE
UCF122	UC122	male	fibroblast	naive	0	50bp	FALSE	TRUE	poly(A)	TRUE	GENCORD	UC122F_110221_7_sorted.bam	EGAF00000187162	TRUE
UCF124	UC124	female	fibroblast	naive	0	50bp	FALSE	TRUE	poly(A)	TRUE	GENCORD	UC124F_110221_5_sorted.bam	EGAF00000187165	TRUE
UCF130	UC130	female	fibroblast	naive	0	50bp	FALSE	TRUE	poly(A)	TRUE	GENCORD	UC130F_100930_7_sorted.bam	EGAF00000187170	TRUE
UCF137	UC137	female	fibroblast	naive	0	50bp	FALSE	TRUE	poly(A)	TRUE	GENCORD	UC137F_110204_8_sorted.bam	EGAF00000187173	TRUE
UCF139	UC139	male	fibroblast	naive	0	50bp	FALSE	TRUE	poly(A)	TRUE	GENCORD	UC139F_101014_1_sorted.bam	EGAF00000187176	TRUE
UCF144	UC144	male	fibroblast	naive	0	50bp	FALSE	TRUE	poly(A)	TRUE	GENCORD	UC144F_110204_1_sorted.bam	EGAF00000187181	TRUE
UCF152	UC152	female	fibroblast	naive	0	50bp	FALSE	TRUE	poly(A)	TRUE	GENCORD	UC152F_101014_2_sorted.bam	EGAF00000187184	TRUE
UCF164	UC164	female	fibroblast	naive	0	50bp	FALSE	TRUE	poly(A)	TRUE	GENCORD	UC164F_101014_5_sorted.bam	EGAF00000187187	TRUE
UCF167	UC167	female	fibroblast	naive	0	50bp	FALSE	TRUE	poly(A)	TRUE	GENCORD	UC167F_110204_2_sorted.bam	EGAF00000187190	TRUE
UCF169	UC169	female	fibroblast	naive	0	50bp	FALSE	TRUE	poly(A)	TRUE	GENCORD	UC169F_101014_6_sorted.bam	EGAF00000187193	TRUE
UCF177	UC177	female	fibroblast	naive	0	50bp	FALSE	TRUE	poly(A)	TRUE	GENCORD	UC177F_101014_7_sorted.bam	EGAF00000187196	TRUE
UCF181	UC181	female	fibroblast	naive	0	50bp	FALSE	TRUE	poly(A)	TRUE	GENCORD	UC181F_101014_8_sorted.bam	EGAF00000187199	TRUE
UCF183	UC183	male	fibroblast	naive	0	50bp	FALSE	TRUE	poly(A)	TRUE	GENCORD	UC183F_110413_6_sorted.bam	EGAF00000187202	TRUE
UCF188	UC188	female	fibroblast	naive	0	50bp	FALSE	TRUE	poly(A)	TRUE	GENCORD	UC188F_110204_4_sorted.bam	EGAF00000187205	TRUE
UCF223	UC223	male	fibroblast	naive	0	50bp	FALSE	TRUE	poly(A)	TRUE	GENCORD	UC223F_101108_1_sorted.bam	EGAF00000187208	TRUE
UCF226	UC226	female	fibroblast	naive	0	50bp	FALSE	TRUE	poly(A)	TRUE	GENCORD	UC226F_110218_2_sorted.bam	EGAF00000187212	TRUE
UCF227	UC227	male	fibroblast	naive	0	50bp	FALSE	TRUE	poly(A)	TRUE	GENCORD	UC227F_110204_5_sorted.bam	EGAF00000187215	TRUE
UCF251	UC251	male	fibroblast	naive	0	50bp	FALSE	TRUE	poly(A)	TRUE	GENCORD	UC251F_101108_5_sorted.bam	EGAF00000187218	TRUE
UCF253	UC253	female	fibroblast	naive	0	50bp	FALSE	TRUE	poly(A)	TRUE	GENCORD	UC253F_101108_6_sorted.bam	EGAF00000187221	TRUE
UCF255	UC255	male	fibroblast	naive	0	50bp	FALSE	TRUE	poly(A)	TRUE	GENCORD	UC255F_110204_6_sorted.bam	EGAF00000187224	TRUE
UCF277	UC277	male	fibroblast	naive	0	50bp	FALSE	TRUE	poly(A)	TRUE	GENCORD	UC277F_110204_6_sorted.bam	EGAF00000187227	TRUE
UCF282	UC282	female	fibroblast	naive	0	50bp	FALSE	TRUE	poly(A)	TRUE	GENCORD	UC282F_110204_7_sorted.bam	EGAF00000187230	TRUE
UCF285	UC285	male	fibroblast	naive	0	50bp	FALSE	TRUE	poly(A)	TRUE	GENCORD	UC285F_110304_7_sorted.bam	EGAF00000187233	TRUE
UCF304	UC304	female	fibroblast	naive	0	50bp	FALSE	TRUE	poly(A)	TRUE	GENCORD	UC304F_110204_1_sorted.bam	EGAF00000187236	TRUE
UCT018	UC018	female	T-cell	naive	0	50bp	FALSE	TRUE	poly(A)	TRUE	GENCORD	UC018T_110204_2_sorted.bam	EGAF00000187090	TRUE
UCT019	UC019	female	T-cell	naive	0	50bp	FALSE	TRUE	poly(A)	TRUE	GENCORD	UC019T_100930_1_sorted.bam	EGAF00000187092	TRUE
UCT024	UC024	male	T-cell	naive	0	50bp	FALSE	TRUE	poly(A)	TRUE	GENCORD	UC024T_110204_1_sorted.bam	EGAF00000187094	TRUE
UCT025	UC025	female	T-cell	naive	0	50bp	FALSE	TRUE	poly(A)	TRUE	GENCORD	UC025T_110413_3_sorted.bam	EGAF00000187097	TRUE
UCT034	UC034	female	T-cell	naive	0	50bp	FALSE	TRUE	poly(A)	TRUE	GENCORD	UC034T_110204_2_sorted.bam	EGAF00000187099	TRUE
UCT042	UC042	female	T-cell	naive	0	50bp	FALSE	TRUE	poly(A)	TRUE	GENCORD	UC042T_100930_2_sorted.bam	EGAF00000187102	TRUE
UCT048	UC048	female	T-cell	naive	0	50bp	FALSE	TRUE	poly(A)	TRUE	GENCORD	UC048T_110413_7_sorted.bam	EGAF00000187105	TRUE
UCT049	UC049	male	T-cell	naive	0	50bp	FALSE	TRUE	poly(A)	TRUE	GENCORD	UC049T_110204_4_sorted.bam	EGAF00000187108	TRUE
UCT050	UC050	male	T-cell	naive	0	50bp	FALSE	TRUE	poly(A)	TRUE	GENCORD	UC050T_110413_3_sorted.bam	EGAF00000187111	TRUE
UCT051	UC051	male	T-cell	naive	0	50bp	FALSE	TRUE	poly(A)	TRUE	GENCORD	UC051T_110204_5_sorted.bam	EGAF00000187114	TRUE
UCT060	UC060	female	T-cell	naive	0	50bp	FALSE	TRUE	poly(A)	TRUE	GENCORD	UC060T_110204_7_sorted.bam	EGAF00000187117	TRUE
UCT078	UC078	male	T-cell	naive	0	50bp	FALSE	TRUE	poly(A)	TRUE	GENCORD	UC078T_110204_6_sorted.bam	EGAF00000187122	TRUE
UCT079	UC079	female	T-cell	naive	0	50bp	FALSE	TRUE	poly(A)	TRUE	GENCORD	UC079T_110304_7_sorted.bam	EGAF00000187124	TRUE
UCT087	UC087	male	T-cell	naive	0	50bp	FALSE	TRUE	poly(A)	TRUE	GENCORD	UC087T_110204_5_sorted.bam	EGAF00000187128	TRUE
UCT088	UC088	female	T-cell	naive	0	50bp	FALSE	TRUE	poly(A)	TRUE	GENCORD	UC088T_110204_1_sorted.bam	EGAF00000187131	TRUE
UCT093	UC093	male	T-cell	naive	0	50bp	FALSE	TRUE	poly(A)	TRUE	GENCORD	UC093T_101108_8_sorted.bam	EGAF00000187134	TRUE
UCT1001	UC1001	female	T-cell	naive	0	50bp	FALSE	TRUE	poly(A)	TRUE	GENCORD	UCT1001_120224_3_sorted.bam	EGAF00000187518	TRUE
UCT1007	UC1007	female	T-cell	naive	0	50bp	FALSE	TRUE	poly(A)	TRUE	GENCORD	UCT1007_120229_1_sorted.bam	EGAF00000187519	TRUE
UCT100	UC100	female	T-cell	naive	0	50bp	FALSE	TRUE	poly(A)	TRUE	GENCORD	UC100T_110413_7_sorted.bam	EGAF00000187137	TRUE
UCT1010	UC1010	female	T-cell	naive	0	50bp	FALSE	TRUE	poly(A)	TRUE	GENCORD	UCT1010_120202_3_sorted.bam	EGAF00000187520	TRUE
UCT1011	UC1011	male	T-cell	naive	0	50bp	FALSE	TRUE	poly(A)	TRUE	GENCORD	UCT1011_120202_6_sorted.bam	EGAF00000187521	TRUE
UCT1012	UC1012	male	T-cell	naive	0	50bp	FALSE	TRUE	poly(A)	TRUE	GENCORD	UCT1012_120315_7_sorted.bam	EGAF00000187522	TRUE
UCT1013	UC1013	male	T-cell	naive	0	50bp	FALSE	TRUE	poly(A)	TRUE	GENCORD	UCT1013_120224_1_sorted.bam	EGAF00000187523	TRUE
UCT1014	UC1014	female	T-cell	naive	0	50bp	FALSE	TRUE	poly(A)	TRUE	GENCORD	UCT1014_120229_1_sorted.bam	EGAF00000187524	TRUE
UCT1016	UC1016	female	T-cell	naive	0	50bp	FALSE	TRUE	poly(A)	TRUE	GENCORD	UCT1016_120229_5_sorted.bam	EGAF00000187525	TRUE
UCT1021	UC1021	female	T-cell	naive	0	50bp	FALSE	TRUE	poly(A)	TRUE	GENCORD	UCT1021_120229_8_sorted.bam	EGAF00000187526	TRUE
UCT1023	UC1023	female	T-cell	naive	0	50bp	FALSE	TRUE	poly(A)	TRUE	GENCORD	UCT1023_120224_2_sorted.bam	EGAF00000187527	TRUE
UCT1024	UC1024	male	T-cell	naive	0	50bp	FALSE	TRUE	poly(A)	TRUE	GENCORD	UCT1024_120229_7_sorted.bam	EGAF00000187528	TRUE
UCT1025	UC1025	male	T-cell	naive	0	50bp	FALSE	TRUE	poly(A)	TRUE	GENCORD	UCT1025_120229_6_sorted.bam	EGAF00000187529	TRUE
UCT1027	UC1027	female	T-cell	naive	0	50bp	FALSE	TRUE	poly(A)	TRUE	GENCORD	UCT1027_120202_1_sorted.bam	EGAF00000187530	TRUE
UCT1028	UC1028	male	T-cell	naive	0	50bp	FALSE	TRUE	poly(A)	TRUE	GENCORD	UCT1028_120224_3_sorted.bam	EGAF00000187531	TRUE
UCT1029	UC1029	male	T-cell	naive	0	50bp	FALSE	TRUE	poly(A)	TRUE	GENCORD	UCT1029_120224_7_sorted.bam	EGAF00000187532	TRUE
UCT1030	UC1030	male	T-cell	naive	0	50bp	FALSE	TRUE	poly(A)	TRUE	GENCORD	UCT1030_120224_6_sorted.bam	EGAF00000187533	TRUE
UCT103	UC103	male	T-cell	naive	0	50bp	FALSE	TRUE	poly(A)	TRUE	GENCORD	UC103T_100930_5_sorted.bam	EGAF00000187140	TRUE
UCT1040	UC1040	female	T-cell	naive	0	50bp	FALSE	TRUE	poly(A)	TRUE	GENCORD	UCT1040_120229_7_sorted.bam	EGAF00000187534	TRUE
UCT1045	UC1045	female	T-cell	naive	0	50bp	FALSE	TRUE	poly(A)	TRUE	GENCORD	UCT1045_120202_7_sorted.bam	EGAF00000187535	TRUE
UCT1046	UC1046	male	T-cell	naive	0	50bp	FALSE	TRUE	poly(A)	TRUE	GENCORD	UCT1046_120202_5_sorted.bam	EGAF00000187536	TRUE
UCT1047	UC1047	female	T-cell	naive	0	50bp	FALSE	TRUE	poly(A)	TRUE	GENCORD	UCT1047_120224_5_sorted.bam	EGAF00000187537	TRUE
UCT1048	UC1048	male	T-cell	naive	0	50bp	FALSE	TRUE	poly(A)	TRUE	GENCORD	UCT1048_120202_3_sorted.bam	EGAF00000187538	TRUE
UCT1052	UC1052	female	T-cell	naive	0	50bp	FALSE	TRUE	poly(A)	TRUE	GENCORD	UCT1052_120224_8_sorted.bam	EGAF00000187539	TRUE
UCT1053	UC1053	female	T-cell	naive	0	50bp	FALSE	TRUE	poly(A)	TRUE	GENCORD	UCT1053_120229_1_sorted.bam	EGAF00000187540	TRUE
UCT1055	UC1055	male	T-cell	naive	0	50bp	FALSE	TRUE	poly(A)	TRUE	GENCORD	UCT1055_120224_1_sorted.bam	EGAF00000187541	TRUE
UCT1056	UC1056	female	T-cell	naive	0	50bp	FALSE	TRUE	poly(A)	TRUE	GENCORD	UCT1056_120229_7_sorted.bam	EGAF00000187542	TRUE
UCT1057	UC1057	female	T-cell	naive	0	50bp	FALSE	TRUE	poly(A)	TRUE	GENCORD	UCT1057_120229_2_sorted.bam	EGAF00000187543	TRUE
UCT1058	UC1058	female	T-cell	naive	0	50bp	FALSE	TRUE	poly(A)	TRUE	GENCORD	UCT1058_120229_3_sorted.bam	EGAF00000187544	TRUE
UCT1059	UC1059	female	T-cell	naive	0	50bp	FALSE	TRUE	poly(A)	TRUE	GENCORD	UCT1059_120202_7_sorted.bam	EGAF00000187545	TRUE
UCT105	UC105	male	T-cell	naive	0	50bp	FALSE	TRUE	poly(A)	TRUE	GENCORD	UC105T_110204_2_sorted.bam	EGAF00000187143	TRUE
UCT1061	UC1061	male	T-cell	naive	0	50bp	FALSE	TRUE	poly(A)	TRUE	GENCORD	UCT1061_120229_3_sorted.bam	EGAF00000187546	TRUE
UCT1062	UC1062	male	T-cell	naive	0	50bp	FALSE	TRUE	poly(A)	TRUE	GENCORD	UCT1062_120229_8_sorted.bam	EGAF00000187547	TRUE
UCT1064	UC1064	male	T-cell	naive	0	50bp	FALSE	TRUE	poly(A)	TRUE	GENCORD	UCT1064_120202_7_sorted.bam	EGAF00000187548	TRUE
UCT1067	UC1067	male	T-cell	naive	0	50bp	FALSE	TRUE	poly(A)	TRUE	GENCORD	UCT1067_120224_6_sorted.bam	EGAF00000187549	TRUE
UCT1068	UC1068	male	T-cell	naive	0	50bp	FALSE	TRUE	poly(A)	TRUE	GENCORD	UCT1068_120229_7_sorted.bam	EGAF00000187550	TRUE
UCT1069	UC1069	female	T-cell	naive	0	50bp	FALSE	TRUE	poly(A)	TRUE	GENCORD	UCT1069_120202_2_sorted.bam	EGAF00000187551	TRUE
UCT1070	UC1070	female	T-cell	naive	0	50bp	FALSE	TRUE	poly(A)	TRUE	GENCORD	UCT1070_120229_6_sorted.bam	EGAF00000187552	TRUE
UCT1071	UC1071	female	T-cell	naive	0	50bp	FALSE	TRUE	poly(A)	TRUE	GENCORD	UCT1071_120229_4_sorted.bam	EGAF00000187553	TRUE
UCT1072	UC1072	male	T-cell	naive	0	50bp	FALSE	TRUE	poly(A)	TRUE	GENCORD	UCT1072_120202_3_sorted.bam	EGAF00000187554	TRUE
UCT1073	UC1073	male	T-cell	naive	0	50bp	FALSE	TRUE	poly(A)	TRUE	GENCORD	UCT1073_120224_2_sorted.bam	EGAF00000187555	TRUE
UCT1074	UC1074	female	T-cell	naive	0	50bp	FALSE	TRUE	poly(A)	TRUE	GENCORD	UCT1074_120229_1_sorted.bam	EGAF00000187556	TRUE
UCT1075	UC1075	male	T-cell	naive	0	50bp	FALSE	TRUE	poly(A)	TRUE	GENCORD	UCT1075_120202_1_sorted.bam	EGAF00000187557	TRUE
UCT1076	UC1076	female	T-cell	naive	0	50bp	FALSE	TRUE	poly(A)	TRUE	GENCORD	UCT1076_120224_4_sorted.bam	EGAF00000187558	TRUE
UCT1077	UC1077	male	T-cell	naive	0	50bp	FALSE	TRUE	poly(A)	TRUE	GENCORD	UCT1077_120224_6_sorted.bam	EGAF00000187559	TRUE
UCT1078	UC1078	male	T-cell	naive	0	50bp	FALSE	TRUE	poly(A)	TRUE	GENCORD	UCT1078_120229_5_sorted.bam	EGAF00000187560	TRUE
UCT1079	UC1079	male	T-cell	naive	0	50bp	FALSE	TRUE	poly(A)	TRUE	GENCORD	UCT1079_120224_6_sorted.bam	EGAF00000187561	TRUE
UCT1080	UC1080	male	T-cell	naive	0	50bp	FALSE	TRUE	poly(A)	TRUE	GENCORD	UCT1080_120224_6_sorted.bam	EGAF00000187562	TRUE
UCT1083	UC1083	female	T-cell	naive	0	50bp	FALSE	TRUE	poly(A)	TRUE	GENCORD	UCT1083_120224_5_sorted.bam	EGAF00000187563	TRUE
UCT1086	UC1086	male	T-cell	naive	0	50bp	FALSE	TRUE	poly(A)	TRUE	GENCORD	UCT1086_120202_4_sorted.bam	EGAF00000187564	TRUE
UCT1087	UC1087	male	T-cell	naive	0	50bp	FALSE	TRUE	poly(A)	TRUE	GENCORD	UCT1087_120224_8_sorted.bam	EGAF00000187565	TRUE
UCT1088	UC1088	female	T-cell	naive	0	50bp	FALSE	TRUE	poly(A)	TRUE	GENCORD	UCT1088_120224_7_sorted.bam	EGAF00000187566	TRUE
UCT1089	UC1089	male	T-cell	naive	0	50bp	FALSE	TRUE	poly(A)	TRUE	GENCORD	UCT1089_120229_1_sorted.bam	EGAF00000187567	TRUE
UCT1090	UC1090	male	T-cell	naive	0	50bp	FALSE	TRUE	poly(A)	TRUE	GENCORD	UCT1090_120229_6_sorted.bam	EGAF00000187568	TRUE
UCT1091	UC1091	female	T-cell	naive	0	50bp	FALSE	TRUE	poly(A)	TRUE	GENCORD	UCT1091_120229_7_sorted.bam	EGAF00000187569	TRUE
UCT1092	UC1092	female	T-cell	naive	0	50bp	FALSE	TRUE	poly(A)	TRUE	GENCORD	UCT1092_120229_1_sorted.bam	EGAF00000187570	TRUE
UCT1094	UC1094	female	T-cell	naive	0	50bp	FALSE	TRUE	poly(A)	TRUE	GENCORD	UCT1094_120224_1_sorted.bam	EGAF00000187571	TRUE
UCT1096	UC1096	male	T-cell	naive	0	50bp	FALSE	TRUE	poly(A)	TRUE	GENCORD	UCT1096_120202_5_sorted.bam	EGAF00000187572	TRUE
UCT1097	UC1097	male	T-cell	naive	0	50bp	FALSE	TRUE	poly(A)	TRUE	GENCORD	UCT1097_120202_7_sorted.bam	EGAF00000187573	TRUE
UCT1098	UC1098	male	T-cell	naive	0	50bp	FALSE	TRUE	poly(A)	TRUE	GENCORD	UCT1098_120229_7_sorted.bam	EGAF00000187574	TRUE
UCT1099	UC1099	female	T-cell	naive	0	50bp	FALSE	TRUE	poly(A)	TRUE	GENCORD	UCT1099_120229_6_sorted.bam	EGAF00000187575	TRUE
UCT1100	UC1100	male	T-cell	naive	0	50bp	FALSE	TRUE	poly(A)	TRUE	GENCORD	UCT1100_120202_1_sorted.bam	EGAF00000187576	TRUE
UCT1101	UC1101	male	T-cell	naive	0	50bp	FALSE	TRUE	poly(A)	TRUE	GENCORD	UCT1101_120229_8_sorted.bam	EGAF00000187577	TRUE
UCT1102	UC1102	female	T-cell	naive	0	50bp	FALSE	TRUE	poly(A)	TRUE	GENCORD	UCT1102_120224_8_sorted.bam	EGAF00000187578	TRUE
UCT1103	UC1103	male	T-cell	naive	0	50bp	FALSE	TRUE	poly(A)	TRUE	GENCORD	UCT1103_120224_2_sorted.bam	EGAF00000187579	TRUE
UCT1104	UC1104	male	T-cell	naive	0	50bp	FALSE	TRUE	poly(A)	TRUE	GENCORD	UCT1104_120229_4_sorted.bam	EGAF00000187580	TRUE
UCT1105	UC1105	male	T-cell	naive	0	50bp	FALSE	TRUE	poly(A)	TRUE	GENCORD	UCT1105_120315_8_sorted.bam	EGAF00000187581	TRUE
UCT1106	UC1106	female	T-cell	naive	0	50bp	FALSE	TRUE	poly(A)	TRUE	GENCORD	UCT1106_120224_3_sorted.bam	EGAF00000187582	TRUE
UCT1107	UC1107	male	T-cell	naive	0	50bp	FALSE	TRUE	poly(A)	TRUE	GENCORD	UCT1107_120229_2_sorted.bam	EGAF00000187583	TRUE
UCT1108	UC1108	male	T-cell	naive	0	50bp	FALSE	TRUE	poly(A)	TRUE	GENCORD	UCT1108_120315_7_sorted.bam	EGAF00000187584	TRUE
UCT1109	UC1109	male	T-cell	naive	0	50bp	FALSE	TRUE	poly(A)	TRUE	GENCORD	UCT1109_120224_7_sorted.bam	EGAF00000187585	TRUE
UCT110	UC110	male	T-cell	naive	0	50bp	FALSE	TRUE	poly(A)	TRUE	GENCORD	UC110T_100930_6_sorted.bam	EGAF00000187148	TRUE
UCT1112	UC1112	male	T-cell	naive	0	50bp	FALSE	TRUE	poly(A)	TRUE	GENCORD	UCT1112_120224_3_sorted.bam	EGAF00000187586	TRUE
UCT1113	UC1113	male	T-cell	naive	0	50bp	FALSE	TRUE	poly(A)	TRUE	GENCORD	UCT1113_120315_6_sorted.bam	EGAF00000187587	TRUE
UCT1115	UC1115	male	T-cell	naive	0	50bp	FALSE	TRUE	poly(A)	TRUE	GENCORD	UCT1115_120224_5_sorted.bam	EGAF00000187588	TRUE
UCT1116	UC1116	male	T-cell	naive	0	50bp	FALSE	TRUE	poly(A)	TRUE	GENCORD	UCT1116_120229_5_sorted.bam	EGAF00000187589	TRUE
UCT1117	UC1117	female	T-cell	naive	0	50bp	FALSE	TRUE	poly(A)	TRUE	GENCORD	UCT1117_120224_4_sorted.bam	EGAF00000187590	TRUE
UCT1119	UC1119	female	T-cell	naive	0	50bp	FALSE	TRUE	poly(A)	TRUE	GENCORD	UCT1119_120229_3_sorted.bam	EGAF00000187591	TRUE
UCT1120	UC1120	male	T-cell	naive	0	50bp	FALSE	TRUE	poly(A)	TRUE	GENCORD	UCT1120_120229_6_sorted.bam	EGAF00000187592	TRUE
UCT1123	UC1123	male	T-cell	naive	0	50bp	FALSE	TRUE	poly(A)	TRUE	GENCORD	UCT1123_120315_3_sorted.bam	EGAF00000187593	TRUE
UCT1124	UC1124	male	T-cell	naive	0	50bp	FALSE	TRUE	poly(A)	TRUE	GENCORD	UCT1124_120224_8_sorted.bam	EGAF00000187594	TRUE
UCT1125	UC1125	male	T-cell	naive	0	50bp	FALSE	TRUE	poly(A)	TRUE	GENCORD	UCT1125_120202_8_sorted.bam	EGAF00000187595	TRUE
UCT1126	UC1126	female	T-cell	naive	0	50bp	FALSE	TRUE	poly(A)	TRUE	GENCORD	UCT1126_120202_2_sorted.bam	EGAF00000187596	TRUE
UCT1128	UC1128	female	T-cell	naive	0	50bp	FALSE	TRUE	poly(A)	TRUE	GENCORD	UCT1128_120202_1_sorted.bam	EGAF00000187597	TRUE
UCT1129	UC1129	male	T-cell	naive	0	50bp	FALSE	TRUE	poly(A)	TRUE	GENCORD	UCT1129_120229_2_sorted.bam	EGAF00000187598	TRUE
UCT1130	UC1130	male	T-cell	naive	0	50bp	FALSE	TRUE	poly(A)	TRUE	GENCORD	UCT1130_120229_8_sorted.bam	EGAF00000187599	TRUE
UCT1131	UC1131	female	T-cell	naive	0	50bp	FALSE	TRUE	poly(A)	TRUE	GENCORD	UCT1131_120224_3_sorted.bam	EGAF00000187600	TRUE
UCT1135	UC1135	female	T-cell	naive	0	50bp	FALSE	TRUE	poly(A)	TRUE	GENCORD	UCT1135_120224_2_sorted.bam	EGAF00000187601	TRUE
UCT1136	UC1136	female	T-cell	naive	0	50bp	FALSE	TRUE	poly(A)	TRUE	GENCORD	UCT1136_120224_4_sorted.bam	EGAF00000187602	TRUE
UCT1137	UC1137	male	T-cell	naive	0	50bp	FALSE	TRUE	poly(A)	TRUE	GENCORD	UCT1137_120224_5_sorted.bam	EGAF00000187603	TRUE
UCT1139	UC1139	female	T-cell	naive	0	50bp	FALSE	TRUE	poly(A)	TRUE	GENCORD	UCT1139_120229_4_sorted.bam	EGAF00000187604	TRUE
UCT113	UC113	female	T-cell	naive	0	50bp	FALSE	TRUE	poly(A)	TRUE	GENCORD	UC113T_110204_3_sorted.bam	EGAF00000187151	TRUE
UCT1143	UC1143	male	T-cell	naive	0	50bp	FALSE	TRUE	poly(A)	TRUE	GENCORD	UCT1143_120229_1_sorted.bam	EGAF00000187605	TRUE
UCT1146	UC1146	male	T-cell	naive	0	50bp	FALSE	TRUE	poly(A)	TRUE	GENCORD	UCT1146_120224_1_sorted.bam	EGAF00000187606	TRUE
UCT1148	UC1148	female	T-cell	naive	0	50bp	FALSE	TRUE	poly(A)	TRUE	GENCORD	UCT1148_120229_6_sorted.bam	EGAF00000187607	TRUE
UCT114	UC114	male	T-cell	naive	0	50bp	FALSE	TRUE	poly(A)	TRUE	GENCORD	UC114T_110204_8_sorted.bam	EGAF00000187154	TRUE
UCT1156	UC1156	male	T-cell	naive	0	50bp	FALSE	TRUE	poly(A)	TRUE	GENCORD	UCT1156_120202_8_sorted.bam	EGAF00000187608	TRUE
UCT1159	UC1159	male	T-cell	naive	0	50bp	FALSE	TRUE	poly(A)	TRUE	GENCORD	UCT1159_120224_3_sorted.bam	EGAF00000187609	TRUE
UCT1160	UC1160	female	T-cell	naive	0	50bp	FALSE	TRUE	poly(A)	TRUE	GENCORD	UCT1160_120224_4_sorted.bam	EGAF00000187610	TRUE
UCT1161	UC1161	female	T-cell	naive	0	50bp	FALSE	TRUE	poly(A)	TRUE	GENCORD	UCT1161_120224_2_sorted.bam	EGAF00000187611	TRUE
UCT1163	UC1163	male	T-cell	naive	0	50bp	FALSE	TRUE	poly(A)	TRUE	GENCORD	UCT1163_120202_1_sorted.bam	EGAF00000187612	TRUE
UCT1164	UC1164	female	T-cell	naive	0	50bp	FALSE	TRUE	poly(A)	TRUE	GENCORD	UCT1164_120229_5_sorted.bam	EGAF00000187613	TRUE
UCT1167	UC1167	female	T-cell	naive	0	50bp	FALSE	TRUE	poly(A)	TRUE	GENCORD	UCT1167_120229_8_sorted.bam	EGAF00000187614	TRUE
UCT1168	UC1168	female	T-cell	naive	0	50bp	FALSE	TRUE	poly(A)	TRUE	GENCORD	UCT1168_120229_8_sorted.bam	EGAF00000187615	TRUE
UCT1169	UC1169	male	T-cell	naive	0	50bp	FALSE	TRUE	poly(A)	TRUE	GENCORD	UCT1169_120202_5_sorted.bam	EGAF00000187616	TRUE
UCT1170	UC1170	male	T-cell	naive	0	50bp	FALSE	TRUE	poly(A)	TRUE	GENCORD	UCT1170_120229_6_sorted.bam	EGAF00000187617	TRUE
UCT1171	UC1171	female	T-cell	naive	0	50bp	FALSE	TRUE	poly(A)	TRUE	GENCORD	UCT1171_120202_8_sorted.bam	EGAF00000187618	TRUE
UCT1174	UC1174	male	T-cell	naive	0	50bp	FALSE	TRUE	poly(A)	TRUE	GENCORD	UCT1174_120229_4_sorted.bam	EGAF00000187619	TRUE
UCT1175	UC1175	female	T-cell	naive	0	50bp	FALSE	TRUE	poly(A)	TRUE	GENCORD	UCT1175_120315_3_sorted.bam	EGAF00000187620	TRUE
UCT1176	UC1176	male	T-cell	naive	0	50bp	FALSE	TRUE	poly(A)	TRUE	GENCORD	UCT1176_120202_1_sorted.bam	EGAF00000187621	TRUE
UCT1178	UC1178	male	T-cell	naive	0	50bp	FALSE	TRUE	poly(A)	TRUE	GENCORD	UCT1178_120202_7_sorted.bam	EGAF00000187622	TRUE
UCT1179	UC1179	female	T-cell	naive	0	50bp	FALSE	TRUE	poly(A)	TRUE	GENCORD	UCT1179_120202_4_sorted.bam	EGAF00000187623	TRUE
UCT117	UC117	female	T-cell	naive	0	50bp	FALSE	TRUE	poly(A)	TRUE	GENCORD	UC117T_110221_1_sorted.bam	EGAF00000187161	TRUE
UCT1180	UC1180	female	T-cell	naive	0	50bp	FALSE	TRUE	poly(A)	TRUE	GENCORD	UCT1180_120224_7_sorted.bam	EGAF00000187624	TRUE
UCT1181	UC1181	male	T-cell	naive	0	50bp	FALSE	TRUE	poly(A)	TRUE	GENCORD	UCT1181_120224_8_sorted.bam	EGAF00000187625	TRUE
UCT1182	UC1182	male	T-cell	naive	0	50bp	FALSE	TRUE	poly(A)	TRUE	GENCORD	UCT1182_120224_3_sorted.bam	EGAF00000187626	TRUE
UCT1183	UC1183	female	T-cell	naive	0	50bp	FALSE	TRUE	poly(A)	TRUE	GENCORD	UCT1183_120229_1_sorted.bam	EGAF00000187627	TRUE
UCT1184	UC1184	female	T-cell	naive	0	50bp	FALSE	TRUE	poly(A)	TRUE	GENCORD	UCT1184_120229_5_sorted.bam	EGAF00000187628	TRUE
UCT1185	UC1185	male	T-cell	naive	0	50bp	FALSE	TRUE	poly(A)	TRUE	GENCORD	UCT1185_120202_3_sorted.bam	EGAF00000187629	TRUE
UCT1186	UC1186	male	T-cell	naive	0	50bp	FALSE	TRUE	poly(A)	TRUE	GENCORD	UCT1186_120224_2_sorted.bam	EGAF00000187630	TRUE
UCT1188	UC1188	male	T-cell	naive	0	50bp	FALSE	TRUE	poly(A)	TRUE	GENCORD	UCT1188_120224_8_sorted.bam	EGAF00000187631	TRUE
UCT1189	UC1189	male	T-cell	naive	0	50bp	FALSE	TRUE	poly(A)	TRUE	GENCORD	UCT1189_120224_3_sorted.bam	EGAF00000187632	TRUE
UCT1190	UC1190	male	T-cell	naive	0	50bp	FALSE	TRUE	poly(A)	TRUE	GENCORD	UCT1190_120224_1_sorted.bam	EGAF00000187633	TRUE
UCT1191	UC1191	female	T-cell	naive	0	50bp	FALSE	TRUE	poly(A)	TRUE	GENCORD	UCT1191_120224_5_sorted.bam	EGAF00000187634	TRUE
UCT1192	UC1192	male	T-cell	naive	0	50bp	FALSE	TRUE	poly(A)	TRUE	GENCORD	UCT1192_120202_3_sorted.bam	EGAF00000187635	TRUE
UCT1193	UC1193	female	T-cell	naive	0	50bp	FALSE	TRUE	poly(A)	TRUE	GENCORD	UCT1193_120224_7_sorted.bam	EGAF00000187636	TRUE
UCT1194	UC1194	female	T-cell	naive	0	50bp	FALSE	TRUE	poly(A)	TRUE	GENCORD	UCT1194_120229_6_sorted.bam	EGAF00000187637	TRUE
UCT1195	UC1195	female	T-cell	naive	0	50bp	FALSE	TRUE	poly(A)	TRUE	GENCORD	UCT1195_120229_5_sorted.bam	EGAF00000187638	TRUE
UCT1196	UC1196	female	T-cell	naive	0	50bp	FALSE	TRUE	poly(A)	TRUE	GENCORD	UCT1196_120315_6_sorted.bam	EGAF00000187639	TRUE
UCT1198	UC1198	female	T-cell	naive	0	50bp	FALSE	TRUE	poly(A)	TRUE	GENCORD	UCT1198_120224_2_sorted.bam	EGAF00000187640	TRUE
UCT1199	UC1199	female	T-cell	naive	0	50bp	FALSE	TRUE	poly(A)	TRUE	GENCORD	UCT1199_120229_6_sorted.bam	EGAF00000187641	TRUE
UCT1200	UC1200	male	T-cell	naive	0	50bp	FALSE	TRUE	poly(A)	TRUE	GENCORD	UCT1200_120229_3_sorted.bam	EGAF00000187642	TRUE
UCT1201	UC1201	male	T-cell	naive	0	50bp	FALSE	TRUE	poly(A)	TRUE	GENCORD	UCT1201_120229_5_sorted.bam	EGAF00000187643	TRUE
UCT1203	UC1203	male	T-cell	naive	0	50bp	FALSE	TRUE	poly(A)	TRUE	GENCORD	UCT1203_120229_5_sorted.bam	EGAF00000187644	TRUE
UCT1205	UC1205	male	T-cell	naive	0	50bp	FALSE	TRUE	poly(A)	TRUE	GENCORD	UCT1205_120224_8_sorted.bam	EGAF00000187645	TRUE
UCT1206	UC1206	male	T-cell	naive	0	50bp	FALSE	TRUE	poly(A)	TRUE	GENCORD	UCT1206_120224_5_sorted.bam	EGAF00000187646	TRUE
UCT1207	UC1207	female	T-cell	naive	0	50bp	FALSE	TRUE	poly(A)	TRUE	GENCORD	UCT1207_120229_2_sorted.bam	EGAF00000187647	TRUE
UCT1208	UC1208	male	T-cell	naive	0	50bp	FALSE	TRUE	poly(A)	TRUE	GENCORD	UCT1208_120224_6_sorted.bam	EGAF00000187648	TRUE
UCT1210	UC1210	male	T-cell	naive	0	50bp	FALSE	TRUE	poly(A)	TRUE	GENCORD	UCT1210_120202_2_sorted.bam	EGAF00000187649	TRUE
UCT1211	UC1211	female	T-cell	naive	0	50bp	FALSE	TRUE	poly(A)	TRUE	GENCORD	UCT1211_120202_8_sorted.bam	EGAF00000187650	TRUE
UCT1212	UC1212	male	T-cell	naive	0	50bp	FALSE	TRUE	poly(A)	TRUE	GENCORD	UCT1212_120315_8_sorted.bam	EGAF00000187651	TRUE
UCT1215	UC1215	female	T-cell	naive	0	50bp	FALSE	TRUE	poly(A)	TRUE	GENCORD	UCT1215_120224_2_sorted.bam	EGAF00000187652	TRUE
UCT1216	UC1216	female	T-cell	naive	0	50bp	FALSE	TRUE	poly(A)	TRUE	GENCORD	UCT1216_120202_8_sorted.bam	EGAF00000187653	TRUE
UCT1217	UC1217	female	T-cell	naive	0	50bp	FALSE	TRUE	poly(A)	TRUE	GENCORD	UCT1217_120224_6_sorted.bam	EGAF00000187654	TRUE
UCT1218	UC1218	male	T-cell	naive	0	50bp	FALSE	TRUE	poly(A)	TRUE	GENCORD	UCT1218_120229_2_sorted.bam	EGAF00000187655	TRUE
UCT122	UC122	male	T-cell	naive	0	50bp	FALSE	TRUE	poly(A)	TRUE	GENCORD	UC122T_110221_2_sorted.bam	EGAF00000187164	TRUE
UCT124	UC124	female	T-cell	naive	0	50bp	FALSE	TRUE	poly(A)	TRUE	GENCORD	UC124T_110221_3_sorted.bam	EGAF00000187167	TRUE
UCT125	UC125	female	T-cell	naive	0	50bp	FALSE	TRUE	poly(A)	TRUE	GENCORD	UC125T_110221_7_sorted.bam	EGAF00000187169	TRUE
UCT130	UC130	female	T-cell	naive	0	50bp	FALSE	TRUE	poly(A)	TRUE	GENCORD	UC130T_100930_7_sorted.bam	EGAF00000187172	TRUE
UCT137	UC137	female	T-cell	naive	0	50bp	FALSE	TRUE	poly(A)	TRUE	GENCORD	UC137T_110204_8_sorted.bam	EGAF00000187175	TRUE
UCT139	UC139	male	T-cell	naive	0	50bp	FALSE	TRUE	poly(A)	TRUE	GENCORD	UC139T_101014_1_sorted.bam	EGAF00000187178	TRUE
UCT141	UC141	male	T-cell	naive	0	50bp	FALSE	TRUE	poly(A)	TRUE	GENCORD	UC141T_110413_3_sorted.bam	EGAF00000187180	TRUE
UCT144	UC144	male	T-cell	naive	0	50bp	FALSE	TRUE	poly(A)	TRUE	GENCORD	UC144T_110204_1_sorted.bam	EGAF00000187183	TRUE
UCT152	UC152	female	T-cell	naive	0	50bp	FALSE	TRUE	poly(A)	TRUE	GENCORD	UC152T_101014_2_sorted.bam	EGAF00000187186	TRUE
UCT164	UC164	female	T-cell	naive	0	50bp	FALSE	TRUE	poly(A)	TRUE	GENCORD	UC164T_101014_5_sorted.bam	EGAF00000187189	TRUE
UCT167	UC167	female	T-cell	naive	0	50bp	FALSE	TRUE	poly(A)	TRUE	GENCORD	UC167T_110204_2_sorted.bam	EGAF00000187192	TRUE
UCT169	UC169	female	T-cell	naive	0	50bp	FALSE	TRUE	poly(A)	TRUE	GENCORD	UC169T_101014_6_sorted.bam	EGAF00000187195	TRUE
UCT177	UC177	female	T-cell	naive	0	50bp	FALSE	TRUE	poly(A)	TRUE	GENCORD	UC177T_101014_7_sorted.bam	EGAF00000187198	TRUE
UCT181	UC181	female	T-cell	naive	0	50bp	FALSE	TRUE	poly(A)	TRUE	GENCORD	UC181T_101014_8_sorted.bam	EGAF00000187201	TRUE
UCT183	UC183	male	T-cell	naive	0	50bp	FALSE	TRUE	poly(A)	TRUE	GENCORD	UC183T_110413_7_sorted.bam	EGAF00000187204	TRUE
UCT188	UC188	female	T-cell	naive	0	50bp	FALSE	TRUE	poly(A)	TRUE	GENCORD	UC188T_110204_4_sorted.bam	EGAF00000187207	TRUE
UCT223	UC223	male	T-cell	naive	0	50bp	FALSE	TRUE	poly(A)	TRUE	GENCORD	UC223T_101108_1_sorted.bam	EGAF00000187210	TRUE
UCT226	UC226	female	T-cell	naive	0	50bp	FALSE	TRUE	poly(A)	TRUE	GENCORD	UC226T_110218_2_sorted.bam	EGAF00000187214	TRUE
UCT227	UC227	male	T-cell	naive	0	50bp	FALSE	TRUE	poly(A)	TRUE	GENCORD	UC227T_110204_5_sorted.bam	EGAF00000187217	TRUE
UCT251	UC251	male	T-cell	naive	0	50bp	FALSE	TRUE	poly(A)	TRUE	GENCORD	UC251T_101108_5_sorted.bam	EGAF00000187220	TRUE
UCT253	UC253	female	T-cell	naive	0	50bp	FALSE	TRUE	poly(A)	TRUE	GENCORD	UC253T_101108_6_sorted.bam	EGAF00000187223	TRUE
UCT255	UC255	male	T-cell	naive	0	50bp	FALSE	TRUE	poly(A)	TRUE	GENCORD	UC255T_110204_6_sorted.bam	EGAF00000187226	TRUE
UCT277	UC277	male	T-cell	naive	0	50bp	FALSE	TRUE	poly(A)	TRUE	GENCORD	UC277T_110204_6_sorted.bam	EGAF00000187229	TRUE
UCT282	UC282	female	T-cell	naive	0	50bp	FALSE	TRUE	poly(A)	TRUE	GENCORD	UC282T_110204_7_sorted.bam	EGAF00000187232	TRUE
UCT285	UC285	male	T-cell	naive	0	50bp	FALSE	TRUE	poly(A)	TRUE	GENCORD	UC285T_110304_7_sorted.bam	EGAF00000187235	TRUE
UCT304	UC304	female	T-cell	naive	0	50bp	FALSE	TRUE	poly(A)	TRUE	GENCORD	UC304T_110204_1_sorted.bam	EGAF00000187238	TRUE
